-- 弑杀蜂群「生物质」：隐藏建筑槽（参考烧城增益 CreateIncompleteBuilding / RemoveBuilding）
-- 每槽 +1 粮（Building_YieldChanges，仅本城）；P1..P40 可叠层；Property 记 pin:expire

INSERT OR IGNORE INTO Types (Type, Kind) VALUES
    ('TRAIT_NW_WARFEED_BIOMASS_LOCK', 'KIND_TRAIT'),
    ('BUILDING_NW_WARFEED_BIOMASS_P1', 'KIND_BUILDING'),
    ('BUILDING_NW_WARFEED_BIOMASS_P2', 'KIND_BUILDING'),
    ('BUILDING_NW_WARFEED_BIOMASS_P3', 'KIND_BUILDING'),
    ('BUILDING_NW_WARFEED_BIOMASS_P4', 'KIND_BUILDING'),
    ('BUILDING_NW_WARFEED_BIOMASS_P5', 'KIND_BUILDING'),
    ('BUILDING_NW_WARFEED_BIOMASS_P6', 'KIND_BUILDING'),
    ('BUILDING_NW_WARFEED_BIOMASS_P7', 'KIND_BUILDING'),
    ('BUILDING_NW_WARFEED_BIOMASS_P8', 'KIND_BUILDING'),
    ('BUILDING_NW_WARFEED_BIOMASS_P9', 'KIND_BUILDING'),
    ('BUILDING_NW_WARFEED_BIOMASS_P10', 'KIND_BUILDING'),
    ('BUILDING_NW_WARFEED_BIOMASS_P11', 'KIND_BUILDING'),
    ('BUILDING_NW_WARFEED_BIOMASS_P12', 'KIND_BUILDING'),
    ('BUILDING_NW_WARFEED_BIOMASS_P13', 'KIND_BUILDING'),
    ('BUILDING_NW_WARFEED_BIOMASS_P14', 'KIND_BUILDING'),
    ('BUILDING_NW_WARFEED_BIOMASS_P15', 'KIND_BUILDING'),
    ('BUILDING_NW_WARFEED_BIOMASS_P16', 'KIND_BUILDING'),
    ('BUILDING_NW_WARFEED_BIOMASS_P17', 'KIND_BUILDING'),
    ('BUILDING_NW_WARFEED_BIOMASS_P18', 'KIND_BUILDING'),
    ('BUILDING_NW_WARFEED_BIOMASS_P19', 'KIND_BUILDING'),
    ('BUILDING_NW_WARFEED_BIOMASS_P20', 'KIND_BUILDING'),
    ('BUILDING_NW_WARFEED_BIOMASS_P21', 'KIND_BUILDING'),
    ('BUILDING_NW_WARFEED_BIOMASS_P22', 'KIND_BUILDING'),
    ('BUILDING_NW_WARFEED_BIOMASS_P23', 'KIND_BUILDING'),
    ('BUILDING_NW_WARFEED_BIOMASS_P24', 'KIND_BUILDING'),
    ('BUILDING_NW_WARFEED_BIOMASS_P25', 'KIND_BUILDING'),
    ('BUILDING_NW_WARFEED_BIOMASS_P26', 'KIND_BUILDING'),
    ('BUILDING_NW_WARFEED_BIOMASS_P27', 'KIND_BUILDING'),
    ('BUILDING_NW_WARFEED_BIOMASS_P28', 'KIND_BUILDING'),
    ('BUILDING_NW_WARFEED_BIOMASS_P29', 'KIND_BUILDING'),
    ('BUILDING_NW_WARFEED_BIOMASS_P30', 'KIND_BUILDING'),
    ('BUILDING_NW_WARFEED_BIOMASS_P31', 'KIND_BUILDING'),
    ('BUILDING_NW_WARFEED_BIOMASS_P32', 'KIND_BUILDING'),
    ('BUILDING_NW_WARFEED_BIOMASS_P33', 'KIND_BUILDING'),
    ('BUILDING_NW_WARFEED_BIOMASS_P34', 'KIND_BUILDING'),
    ('BUILDING_NW_WARFEED_BIOMASS_P35', 'KIND_BUILDING'),
    ('BUILDING_NW_WARFEED_BIOMASS_P36', 'KIND_BUILDING'),
    ('BUILDING_NW_WARFEED_BIOMASS_P37', 'KIND_BUILDING'),
    ('BUILDING_NW_WARFEED_BIOMASS_P38', 'KIND_BUILDING'),
    ('BUILDING_NW_WARFEED_BIOMASS_P39', 'KIND_BUILDING'),
    ('BUILDING_NW_WARFEED_BIOMASS_P40', 'KIND_BUILDING');

INSERT OR IGNORE INTO Traits (TraitType, Name, Description, InternalOnly) VALUES
    ('TRAIT_NW_WARFEED_BIOMASS_LOCK',
     'LOC_BUILDING_NW_WARFEED_BIOMASS_NAME',
     'LOC_BUILDING_NW_WARFEED_BIOMASS_DESCRIPTION',
     1);

INSERT OR IGNORE INTO Buildings (
    BuildingType, Name, Description, PrereqDistrict,
    Cost, IsWonder, AdvisorType, RequiresPlacement, EnabledByReligion,
    TraitType, Housing, Entertainment, OuterDefenseHitPoints,
    PurchaseYield, Maintenance, RegionalRange
) VALUES
('BUILDING_NW_WARFEED_BIOMASS_P1', 'LOC_BUILDING_NW_WARFEED_BIOMASS_NAME', 'LOC_BUILDING_NW_WARFEED_BIOMASS_DESCRIPTION', 'DISTRICT_CITY_CENTER', 1, 0, 'ADVISOR_GENERIC', 0, 0, 'TRAIT_NW_WARFEED_BIOMASS_LOCK', 0, 0, 0, NULL, 0, 0),
('BUILDING_NW_WARFEED_BIOMASS_P2', 'LOC_BUILDING_NW_WARFEED_BIOMASS_NAME', 'LOC_BUILDING_NW_WARFEED_BIOMASS_DESCRIPTION', 'DISTRICT_CITY_CENTER', 1, 0, 'ADVISOR_GENERIC', 0, 0, 'TRAIT_NW_WARFEED_BIOMASS_LOCK', 0, 0, 0, NULL, 0, 0),
('BUILDING_NW_WARFEED_BIOMASS_P3', 'LOC_BUILDING_NW_WARFEED_BIOMASS_NAME', 'LOC_BUILDING_NW_WARFEED_BIOMASS_DESCRIPTION', 'DISTRICT_CITY_CENTER', 1, 0, 'ADVISOR_GENERIC', 0, 0, 'TRAIT_NW_WARFEED_BIOMASS_LOCK', 0, 0, 0, NULL, 0, 0),
('BUILDING_NW_WARFEED_BIOMASS_P4', 'LOC_BUILDING_NW_WARFEED_BIOMASS_NAME', 'LOC_BUILDING_NW_WARFEED_BIOMASS_DESCRIPTION', 'DISTRICT_CITY_CENTER', 1, 0, 'ADVISOR_GENERIC', 0, 0, 'TRAIT_NW_WARFEED_BIOMASS_LOCK', 0, 0, 0, NULL, 0, 0),
('BUILDING_NW_WARFEED_BIOMASS_P5', 'LOC_BUILDING_NW_WARFEED_BIOMASS_NAME', 'LOC_BUILDING_NW_WARFEED_BIOMASS_DESCRIPTION', 'DISTRICT_CITY_CENTER', 1, 0, 'ADVISOR_GENERIC', 0, 0, 'TRAIT_NW_WARFEED_BIOMASS_LOCK', 0, 0, 0, NULL, 0, 0),
('BUILDING_NW_WARFEED_BIOMASS_P6', 'LOC_BUILDING_NW_WARFEED_BIOMASS_NAME', 'LOC_BUILDING_NW_WARFEED_BIOMASS_DESCRIPTION', 'DISTRICT_CITY_CENTER', 1, 0, 'ADVISOR_GENERIC', 0, 0, 'TRAIT_NW_WARFEED_BIOMASS_LOCK', 0, 0, 0, NULL, 0, 0),
('BUILDING_NW_WARFEED_BIOMASS_P7', 'LOC_BUILDING_NW_WARFEED_BIOMASS_NAME', 'LOC_BUILDING_NW_WARFEED_BIOMASS_DESCRIPTION', 'DISTRICT_CITY_CENTER', 1, 0, 'ADVISOR_GENERIC', 0, 0, 'TRAIT_NW_WARFEED_BIOMASS_LOCK', 0, 0, 0, NULL, 0, 0),
('BUILDING_NW_WARFEED_BIOMASS_P8', 'LOC_BUILDING_NW_WARFEED_BIOMASS_NAME', 'LOC_BUILDING_NW_WARFEED_BIOMASS_DESCRIPTION', 'DISTRICT_CITY_CENTER', 1, 0, 'ADVISOR_GENERIC', 0, 0, 'TRAIT_NW_WARFEED_BIOMASS_LOCK', 0, 0, 0, NULL, 0, 0),
('BUILDING_NW_WARFEED_BIOMASS_P9', 'LOC_BUILDING_NW_WARFEED_BIOMASS_NAME', 'LOC_BUILDING_NW_WARFEED_BIOMASS_DESCRIPTION', 'DISTRICT_CITY_CENTER', 1, 0, 'ADVISOR_GENERIC', 0, 0, 'TRAIT_NW_WARFEED_BIOMASS_LOCK', 0, 0, 0, NULL, 0, 0),
('BUILDING_NW_WARFEED_BIOMASS_P10', 'LOC_BUILDING_NW_WARFEED_BIOMASS_NAME', 'LOC_BUILDING_NW_WARFEED_BIOMASS_DESCRIPTION', 'DISTRICT_CITY_CENTER', 1, 0, 'ADVISOR_GENERIC', 0, 0, 'TRAIT_NW_WARFEED_BIOMASS_LOCK', 0, 0, 0, NULL, 0, 0),
('BUILDING_NW_WARFEED_BIOMASS_P11', 'LOC_BUILDING_NW_WARFEED_BIOMASS_NAME', 'LOC_BUILDING_NW_WARFEED_BIOMASS_DESCRIPTION', 'DISTRICT_CITY_CENTER', 1, 0, 'ADVISOR_GENERIC', 0, 0, 'TRAIT_NW_WARFEED_BIOMASS_LOCK', 0, 0, 0, NULL, 0, 0),
('BUILDING_NW_WARFEED_BIOMASS_P12', 'LOC_BUILDING_NW_WARFEED_BIOMASS_NAME', 'LOC_BUILDING_NW_WARFEED_BIOMASS_DESCRIPTION', 'DISTRICT_CITY_CENTER', 1, 0, 'ADVISOR_GENERIC', 0, 0, 'TRAIT_NW_WARFEED_BIOMASS_LOCK', 0, 0, 0, NULL, 0, 0),
('BUILDING_NW_WARFEED_BIOMASS_P13', 'LOC_BUILDING_NW_WARFEED_BIOMASS_NAME', 'LOC_BUILDING_NW_WARFEED_BIOMASS_DESCRIPTION', 'DISTRICT_CITY_CENTER', 1, 0, 'ADVISOR_GENERIC', 0, 0, 'TRAIT_NW_WARFEED_BIOMASS_LOCK', 0, 0, 0, NULL, 0, 0),
('BUILDING_NW_WARFEED_BIOMASS_P14', 'LOC_BUILDING_NW_WARFEED_BIOMASS_NAME', 'LOC_BUILDING_NW_WARFEED_BIOMASS_DESCRIPTION', 'DISTRICT_CITY_CENTER', 1, 0, 'ADVISOR_GENERIC', 0, 0, 'TRAIT_NW_WARFEED_BIOMASS_LOCK', 0, 0, 0, NULL, 0, 0),
('BUILDING_NW_WARFEED_BIOMASS_P15', 'LOC_BUILDING_NW_WARFEED_BIOMASS_NAME', 'LOC_BUILDING_NW_WARFEED_BIOMASS_DESCRIPTION', 'DISTRICT_CITY_CENTER', 1, 0, 'ADVISOR_GENERIC', 0, 0, 'TRAIT_NW_WARFEED_BIOMASS_LOCK', 0, 0, 0, NULL, 0, 0),
('BUILDING_NW_WARFEED_BIOMASS_P16', 'LOC_BUILDING_NW_WARFEED_BIOMASS_NAME', 'LOC_BUILDING_NW_WARFEED_BIOMASS_DESCRIPTION', 'DISTRICT_CITY_CENTER', 1, 0, 'ADVISOR_GENERIC', 0, 0, 'TRAIT_NW_WARFEED_BIOMASS_LOCK', 0, 0, 0, NULL, 0, 0),
('BUILDING_NW_WARFEED_BIOMASS_P17', 'LOC_BUILDING_NW_WARFEED_BIOMASS_NAME', 'LOC_BUILDING_NW_WARFEED_BIOMASS_DESCRIPTION', 'DISTRICT_CITY_CENTER', 1, 0, 'ADVISOR_GENERIC', 0, 0, 'TRAIT_NW_WARFEED_BIOMASS_LOCK', 0, 0, 0, NULL, 0, 0),
('BUILDING_NW_WARFEED_BIOMASS_P18', 'LOC_BUILDING_NW_WARFEED_BIOMASS_NAME', 'LOC_BUILDING_NW_WARFEED_BIOMASS_DESCRIPTION', 'DISTRICT_CITY_CENTER', 1, 0, 'ADVISOR_GENERIC', 0, 0, 'TRAIT_NW_WARFEED_BIOMASS_LOCK', 0, 0, 0, NULL, 0, 0),
('BUILDING_NW_WARFEED_BIOMASS_P19', 'LOC_BUILDING_NW_WARFEED_BIOMASS_NAME', 'LOC_BUILDING_NW_WARFEED_BIOMASS_DESCRIPTION', 'DISTRICT_CITY_CENTER', 1, 0, 'ADVISOR_GENERIC', 0, 0, 'TRAIT_NW_WARFEED_BIOMASS_LOCK', 0, 0, 0, NULL, 0, 0),
('BUILDING_NW_WARFEED_BIOMASS_P20', 'LOC_BUILDING_NW_WARFEED_BIOMASS_NAME', 'LOC_BUILDING_NW_WARFEED_BIOMASS_DESCRIPTION', 'DISTRICT_CITY_CENTER', 1, 0, 'ADVISOR_GENERIC', 0, 0, 'TRAIT_NW_WARFEED_BIOMASS_LOCK', 0, 0, 0, NULL, 0, 0),
('BUILDING_NW_WARFEED_BIOMASS_P21', 'LOC_BUILDING_NW_WARFEED_BIOMASS_NAME', 'LOC_BUILDING_NW_WARFEED_BIOMASS_DESCRIPTION', 'DISTRICT_CITY_CENTER', 1, 0, 'ADVISOR_GENERIC', 0, 0, 'TRAIT_NW_WARFEED_BIOMASS_LOCK', 0, 0, 0, NULL, 0, 0),
('BUILDING_NW_WARFEED_BIOMASS_P22', 'LOC_BUILDING_NW_WARFEED_BIOMASS_NAME', 'LOC_BUILDING_NW_WARFEED_BIOMASS_DESCRIPTION', 'DISTRICT_CITY_CENTER', 1, 0, 'ADVISOR_GENERIC', 0, 0, 'TRAIT_NW_WARFEED_BIOMASS_LOCK', 0, 0, 0, NULL, 0, 0),
('BUILDING_NW_WARFEED_BIOMASS_P23', 'LOC_BUILDING_NW_WARFEED_BIOMASS_NAME', 'LOC_BUILDING_NW_WARFEED_BIOMASS_DESCRIPTION', 'DISTRICT_CITY_CENTER', 1, 0, 'ADVISOR_GENERIC', 0, 0, 'TRAIT_NW_WARFEED_BIOMASS_LOCK', 0, 0, 0, NULL, 0, 0),
('BUILDING_NW_WARFEED_BIOMASS_P24', 'LOC_BUILDING_NW_WARFEED_BIOMASS_NAME', 'LOC_BUILDING_NW_WARFEED_BIOMASS_DESCRIPTION', 'DISTRICT_CITY_CENTER', 1, 0, 'ADVISOR_GENERIC', 0, 0, 'TRAIT_NW_WARFEED_BIOMASS_LOCK', 0, 0, 0, NULL, 0, 0),
('BUILDING_NW_WARFEED_BIOMASS_P25', 'LOC_BUILDING_NW_WARFEED_BIOMASS_NAME', 'LOC_BUILDING_NW_WARFEED_BIOMASS_DESCRIPTION', 'DISTRICT_CITY_CENTER', 1, 0, 'ADVISOR_GENERIC', 0, 0, 'TRAIT_NW_WARFEED_BIOMASS_LOCK', 0, 0, 0, NULL, 0, 0),
('BUILDING_NW_WARFEED_BIOMASS_P26', 'LOC_BUILDING_NW_WARFEED_BIOMASS_NAME', 'LOC_BUILDING_NW_WARFEED_BIOMASS_DESCRIPTION', 'DISTRICT_CITY_CENTER', 1, 0, 'ADVISOR_GENERIC', 0, 0, 'TRAIT_NW_WARFEED_BIOMASS_LOCK', 0, 0, 0, NULL, 0, 0),
('BUILDING_NW_WARFEED_BIOMASS_P27', 'LOC_BUILDING_NW_WARFEED_BIOMASS_NAME', 'LOC_BUILDING_NW_WARFEED_BIOMASS_DESCRIPTION', 'DISTRICT_CITY_CENTER', 1, 0, 'ADVISOR_GENERIC', 0, 0, 'TRAIT_NW_WARFEED_BIOMASS_LOCK', 0, 0, 0, NULL, 0, 0),
('BUILDING_NW_WARFEED_BIOMASS_P28', 'LOC_BUILDING_NW_WARFEED_BIOMASS_NAME', 'LOC_BUILDING_NW_WARFEED_BIOMASS_DESCRIPTION', 'DISTRICT_CITY_CENTER', 1, 0, 'ADVISOR_GENERIC', 0, 0, 'TRAIT_NW_WARFEED_BIOMASS_LOCK', 0, 0, 0, NULL, 0, 0),
('BUILDING_NW_WARFEED_BIOMASS_P29', 'LOC_BUILDING_NW_WARFEED_BIOMASS_NAME', 'LOC_BUILDING_NW_WARFEED_BIOMASS_DESCRIPTION', 'DISTRICT_CITY_CENTER', 1, 0, 'ADVISOR_GENERIC', 0, 0, 'TRAIT_NW_WARFEED_BIOMASS_LOCK', 0, 0, 0, NULL, 0, 0),
('BUILDING_NW_WARFEED_BIOMASS_P30', 'LOC_BUILDING_NW_WARFEED_BIOMASS_NAME', 'LOC_BUILDING_NW_WARFEED_BIOMASS_DESCRIPTION', 'DISTRICT_CITY_CENTER', 1, 0, 'ADVISOR_GENERIC', 0, 0, 'TRAIT_NW_WARFEED_BIOMASS_LOCK', 0, 0, 0, NULL, 0, 0),
('BUILDING_NW_WARFEED_BIOMASS_P31', 'LOC_BUILDING_NW_WARFEED_BIOMASS_NAME', 'LOC_BUILDING_NW_WARFEED_BIOMASS_DESCRIPTION', 'DISTRICT_CITY_CENTER', 1, 0, 'ADVISOR_GENERIC', 0, 0, 'TRAIT_NW_WARFEED_BIOMASS_LOCK', 0, 0, 0, NULL, 0, 0),
('BUILDING_NW_WARFEED_BIOMASS_P32', 'LOC_BUILDING_NW_WARFEED_BIOMASS_NAME', 'LOC_BUILDING_NW_WARFEED_BIOMASS_DESCRIPTION', 'DISTRICT_CITY_CENTER', 1, 0, 'ADVISOR_GENERIC', 0, 0, 'TRAIT_NW_WARFEED_BIOMASS_LOCK', 0, 0, 0, NULL, 0, 0),
('BUILDING_NW_WARFEED_BIOMASS_P33', 'LOC_BUILDING_NW_WARFEED_BIOMASS_NAME', 'LOC_BUILDING_NW_WARFEED_BIOMASS_DESCRIPTION', 'DISTRICT_CITY_CENTER', 1, 0, 'ADVISOR_GENERIC', 0, 0, 'TRAIT_NW_WARFEED_BIOMASS_LOCK', 0, 0, 0, NULL, 0, 0),
('BUILDING_NW_WARFEED_BIOMASS_P34', 'LOC_BUILDING_NW_WARFEED_BIOMASS_NAME', 'LOC_BUILDING_NW_WARFEED_BIOMASS_DESCRIPTION', 'DISTRICT_CITY_CENTER', 1, 0, 'ADVISOR_GENERIC', 0, 0, 'TRAIT_NW_WARFEED_BIOMASS_LOCK', 0, 0, 0, NULL, 0, 0),
('BUILDING_NW_WARFEED_BIOMASS_P35', 'LOC_BUILDING_NW_WARFEED_BIOMASS_NAME', 'LOC_BUILDING_NW_WARFEED_BIOMASS_DESCRIPTION', 'DISTRICT_CITY_CENTER', 1, 0, 'ADVISOR_GENERIC', 0, 0, 'TRAIT_NW_WARFEED_BIOMASS_LOCK', 0, 0, 0, NULL, 0, 0),
('BUILDING_NW_WARFEED_BIOMASS_P36', 'LOC_BUILDING_NW_WARFEED_BIOMASS_NAME', 'LOC_BUILDING_NW_WARFEED_BIOMASS_DESCRIPTION', 'DISTRICT_CITY_CENTER', 1, 0, 'ADVISOR_GENERIC', 0, 0, 'TRAIT_NW_WARFEED_BIOMASS_LOCK', 0, 0, 0, NULL, 0, 0),
('BUILDING_NW_WARFEED_BIOMASS_P37', 'LOC_BUILDING_NW_WARFEED_BIOMASS_NAME', 'LOC_BUILDING_NW_WARFEED_BIOMASS_DESCRIPTION', 'DISTRICT_CITY_CENTER', 1, 0, 'ADVISOR_GENERIC', 0, 0, 'TRAIT_NW_WARFEED_BIOMASS_LOCK', 0, 0, 0, NULL, 0, 0),
('BUILDING_NW_WARFEED_BIOMASS_P38', 'LOC_BUILDING_NW_WARFEED_BIOMASS_NAME', 'LOC_BUILDING_NW_WARFEED_BIOMASS_DESCRIPTION', 'DISTRICT_CITY_CENTER', 1, 0, 'ADVISOR_GENERIC', 0, 0, 'TRAIT_NW_WARFEED_BIOMASS_LOCK', 0, 0, 0, NULL, 0, 0),
('BUILDING_NW_WARFEED_BIOMASS_P39', 'LOC_BUILDING_NW_WARFEED_BIOMASS_NAME', 'LOC_BUILDING_NW_WARFEED_BIOMASS_DESCRIPTION', 'DISTRICT_CITY_CENTER', 1, 0, 'ADVISOR_GENERIC', 0, 0, 'TRAIT_NW_WARFEED_BIOMASS_LOCK', 0, 0, 0, NULL, 0, 0),
('BUILDING_NW_WARFEED_BIOMASS_P40', 'LOC_BUILDING_NW_WARFEED_BIOMASS_NAME', 'LOC_BUILDING_NW_WARFEED_BIOMASS_DESCRIPTION', 'DISTRICT_CITY_CENTER', 1, 0, 'ADVISOR_GENERIC', 0, 0, 'TRAIT_NW_WARFEED_BIOMASS_LOCK', 0, 0, 0, NULL, 0, 0);

-- 缺省 MaxWorldInstances≠-1 会被 ToolTipHelper 标成「奇观」
UPDATE Buildings
SET MaxWorldInstances = -1, IsWonder = 0
WHERE BuildingType LIKE 'BUILDING_NW_WARFEED_BIOMASS_P%';

INSERT OR IGNORE INTO Building_YieldChanges (BuildingType, YieldType, YieldChange) VALUES
    ('BUILDING_NW_WARFEED_BIOMASS_P1', 'YIELD_FOOD', 1),
    ('BUILDING_NW_WARFEED_BIOMASS_P2', 'YIELD_FOOD', 1),
    ('BUILDING_NW_WARFEED_BIOMASS_P3', 'YIELD_FOOD', 1),
    ('BUILDING_NW_WARFEED_BIOMASS_P4', 'YIELD_FOOD', 1),
    ('BUILDING_NW_WARFEED_BIOMASS_P5', 'YIELD_FOOD', 1),
    ('BUILDING_NW_WARFEED_BIOMASS_P6', 'YIELD_FOOD', 1),
    ('BUILDING_NW_WARFEED_BIOMASS_P7', 'YIELD_FOOD', 1),
    ('BUILDING_NW_WARFEED_BIOMASS_P8', 'YIELD_FOOD', 1),
    ('BUILDING_NW_WARFEED_BIOMASS_P9', 'YIELD_FOOD', 1),
    ('BUILDING_NW_WARFEED_BIOMASS_P10', 'YIELD_FOOD', 1),
    ('BUILDING_NW_WARFEED_BIOMASS_P11', 'YIELD_FOOD', 1),
    ('BUILDING_NW_WARFEED_BIOMASS_P12', 'YIELD_FOOD', 1),
    ('BUILDING_NW_WARFEED_BIOMASS_P13', 'YIELD_FOOD', 1),
    ('BUILDING_NW_WARFEED_BIOMASS_P14', 'YIELD_FOOD', 1),
    ('BUILDING_NW_WARFEED_BIOMASS_P15', 'YIELD_FOOD', 1),
    ('BUILDING_NW_WARFEED_BIOMASS_P16', 'YIELD_FOOD', 1),
    ('BUILDING_NW_WARFEED_BIOMASS_P17', 'YIELD_FOOD', 1),
    ('BUILDING_NW_WARFEED_BIOMASS_P18', 'YIELD_FOOD', 1),
    ('BUILDING_NW_WARFEED_BIOMASS_P19', 'YIELD_FOOD', 1),
    ('BUILDING_NW_WARFEED_BIOMASS_P20', 'YIELD_FOOD', 1),
    ('BUILDING_NW_WARFEED_BIOMASS_P21', 'YIELD_FOOD', 1),
    ('BUILDING_NW_WARFEED_BIOMASS_P22', 'YIELD_FOOD', 1),
    ('BUILDING_NW_WARFEED_BIOMASS_P23', 'YIELD_FOOD', 1),
    ('BUILDING_NW_WARFEED_BIOMASS_P24', 'YIELD_FOOD', 1),
    ('BUILDING_NW_WARFEED_BIOMASS_P25', 'YIELD_FOOD', 1),
    ('BUILDING_NW_WARFEED_BIOMASS_P26', 'YIELD_FOOD', 1),
    ('BUILDING_NW_WARFEED_BIOMASS_P27', 'YIELD_FOOD', 1),
    ('BUILDING_NW_WARFEED_BIOMASS_P28', 'YIELD_FOOD', 1),
    ('BUILDING_NW_WARFEED_BIOMASS_P29', 'YIELD_FOOD', 1),
    ('BUILDING_NW_WARFEED_BIOMASS_P30', 'YIELD_FOOD', 1),
    ('BUILDING_NW_WARFEED_BIOMASS_P31', 'YIELD_FOOD', 1),
    ('BUILDING_NW_WARFEED_BIOMASS_P32', 'YIELD_FOOD', 1),
    ('BUILDING_NW_WARFEED_BIOMASS_P33', 'YIELD_FOOD', 1),
    ('BUILDING_NW_WARFEED_BIOMASS_P34', 'YIELD_FOOD', 1),
    ('BUILDING_NW_WARFEED_BIOMASS_P35', 'YIELD_FOOD', 1),
    ('BUILDING_NW_WARFEED_BIOMASS_P36', 'YIELD_FOOD', 1),
    ('BUILDING_NW_WARFEED_BIOMASS_P37', 'YIELD_FOOD', 1),
    ('BUILDING_NW_WARFEED_BIOMASS_P38', 'YIELD_FOOD', 1),
    ('BUILDING_NW_WARFEED_BIOMASS_P39', 'YIELD_FOOD', 1),
    ('BUILDING_NW_WARFEED_BIOMASS_P40', 'YIELD_FOOD', 1);


