
DROP TABLE IF EXISTS Haikesi_Relic_Modifiers;
CREATE TABLE Haikesi_Relic_Modifiers
(
    RelicType  TEXT NOT NULL,
    ModifierId TEXT NOT NULL,
    PRIMARY KEY (RelicType, ModifierId),
    FOREIGN KEY (RelicType) REFERENCES Haikesi_Relics (RelicType) ON DELETE CASCADE ON UPDATE CASCADE
);

-- 腐化树枝 (CORRUPTEDBRANCHRUNE): 移除地貌获得的收益 +50%
INSERT OR IGNORE INTO Modifiers (ModifierId, ModifierType)
    VALUES ('MODIFIER_NW_CORRUPTEDBRANCH_HARVEST', 'MODIFIER_CITY_ADJUST_RESOURCE_HARVEST_BONUS');
INSERT OR IGNORE INTO ModifierArguments (ModifierId, Name, Value)
    VALUES ('MODIFIER_NW_CORRUPTEDBRANCH_HARVEST', 'Amount', '50');

INSERT OR IGNORE INTO Modifiers (ModifierId, ModifierType)
    VALUES ('MODIFIER_NW_CORRUPTEDBRANCH_ATTACH', 'MODIFIER_PLAYER_CITIES_ATTACH_MODIFIER');
INSERT OR IGNORE INTO ModifierArguments (ModifierId, Name, Value)
    VALUES ('MODIFIER_NW_CORRUPTEDBRANCH_ATTACH', 'ModifierId', 'MODIFIER_NW_CORRUPTEDBRANCH_HARVEST');

INSERT INTO Haikesi_Relic_Modifiers (RelicType, ModifierId) VALUES ('CORRUPTEDBRANCHRUNE', 'MODIFIER_NW_CORRUPTEDBRANCH_ATTACH');

-- 大号匕首 (BIGKNIFERUNE): 携带大将军战斗力加成 Ability 的单位再 +3 战斗力
INSERT OR IGNORE INTO Types (Type, Kind)
    VALUES ('ABILITY_NW_BIGKNIFE', 'KIND_ABILITY');
INSERT OR IGNORE INTO TypeTags (Type, Tag)
    VALUES ('ABILITY_NW_BIGKNIFE', 'CLASS_ALL_COMBAT_UNITS');

INSERT OR IGNORE INTO UnitAbilities (UnitAbilityType, Name, Description, Inactive)
    VALUES ('ABILITY_NW_BIGKNIFE', 'LOC_HAIKESI_RELIC_BIGKNIFERUNE_NAME', 'LOC_HAIKESI_RELIC_BIGKNIFERUNE_DESCRIPTION', 1);

INSERT OR IGNORE INTO UnitAbilityModifiers (UnitAbilityType, ModifierId)
VALUES ('ABILITY_NW_BIGKNIFE', 'MODIFIER_NW_BIGKNIFE_COMBAT');
INSERT OR IGNORE INTO Modifiers (ModifierId, ModifierType)
    VALUES ('MODIFIER_NW_BIGKNIFE_COMBAT', 'MODIFIER_UNIT_ADJUST_COMBAT_STRENGTH');
INSERT OR IGNORE INTO ModifierArguments (ModifierId, Name, Value)
    VALUES ('MODIFIER_NW_BIGKNIFE_COMBAT', 'Amount', '3');

INSERT OR IGNORE INTO ModifierStrings (ModifierId, Context, Text)
    VALUES ('MODIFIER_NW_BIGKNIFE_COMBAT', 'Preview', 'LOC_HAIKESI_BIGKNIFE_COMBAT_PREVIEW');

INSERT OR IGNORE INTO RequirementSets (RequirementSetId, RequirementSetType)
    VALUES ('NW_BIGKNIFE_HAS_GENERAL_STRENGTH_REQUIREMENTS', 'REQUIREMENTSET_TEST_ALL');
INSERT OR IGNORE INTO RequirementSetRequirements (RequirementSetId, RequirementId)
VALUES ('NW_BIGKNIFE_HAS_GENERAL_STRENGTH_REQUIREMENTS', 'NW_BIGKNIFE_REQUIRES_HAS_GENERAL_STRENGTH');
INSERT OR IGNORE INTO Requirements (RequirementId, RequirementType)
    VALUES ('NW_BIGKNIFE_REQUIRES_HAS_GENERAL_STRENGTH', 'REQUIREMENT_UNIT_HAS_ABILITY');
INSERT OR IGNORE INTO RequirementArguments (RequirementId, Name, Value)
    VALUES ('NW_BIGKNIFE_REQUIRES_HAS_GENERAL_STRENGTH', 'UnitAbilityType', 'ABILITY_GREAT_GENERAL_STRENGTH');

INSERT INTO Haikesi_Relic_Modifiers (RelicType, ModifierId)
VALUES ('BIGKNIFERUNE', 'MODIFIER_NW_BIGKNIFE_GRANT');
INSERT OR IGNORE INTO Modifiers (ModifierId, ModifierType, SubjectRequirementSetId)
VALUES ('MODIFIER_NW_BIGKNIFE_GRANT', 'MODIFIER_PLAYER_UNITS_GRANT_ABILITY',
            'NW_BIGKNIFE_HAS_GENERAL_STRENGTH_REQUIREMENTS');
INSERT OR IGNORE INTO ModifierArguments (ModifierId, Name, Value)
    VALUES ('MODIFIER_NW_BIGKNIFE_GRANT', 'AbilityType', 'ABILITY_NW_BIGKNIFE');

-- 代偿 (COMPENSATIONRUNE): 当前每个城市 +300 金币(一次性);这些城市金币 -3%(常驻)
INSERT OR IGNORE INTO Modifiers (ModifierId, ModifierType)
    VALUES ('MODIFIER_NW_COMPENSATION_GRANT_GOLD_PER_CITY', 'MODIFIER_PLAYER_GRANT_YIELD');
INSERT OR IGNORE INTO ModifierArguments (ModifierId, Name, Value)
    VALUES ('MODIFIER_NW_COMPENSATION_GRANT_GOLD_PER_CITY', 'Amount', '300');
INSERT OR IGNORE INTO ModifierArguments (ModifierId, Name, Value)
    VALUES ('MODIFIER_NW_COMPENSATION_GRANT_GOLD_PER_CITY', 'Scale', '1');
INSERT OR IGNORE INTO ModifierArguments (ModifierId, Name, Value)
    VALUES ('MODIFIER_NW_COMPENSATION_GRANT_GOLD_PER_CITY', 'YieldType', 'YIELD_GOLD');

INSERT OR IGNORE INTO Modifiers (ModifierId, ModifierType, RunOnce)
    VALUES ('MODIFIER_NW_COMPENSATION_GRANT_GOLD', 'MODIFIER_PLAYER_CITIES_ATTACH_MODIFIER', 1);
INSERT OR IGNORE INTO ModifierArguments (ModifierId, Name, Value)
    VALUES ('MODIFIER_NW_COMPENSATION_GRANT_GOLD', 'ModifierId', 'MODIFIER_NW_COMPENSATION_GRANT_GOLD_PER_CITY');

INSERT OR IGNORE INTO Modifiers (ModifierId, ModifierType)
    VALUES ('MODIFIER_NW_COMPENSATION_GOLD_PENALTY_CITY', 'MODIFIER_SINGLE_CITY_ADJUST_CITY_YIELD_MODIFIER');
INSERT OR IGNORE INTO ModifierArguments (ModifierId, Name, Value)
    VALUES ('MODIFIER_NW_COMPENSATION_GOLD_PENALTY_CITY', 'Amount', '-3');
INSERT OR IGNORE INTO ModifierArguments (ModifierId, Name, Value)
    VALUES ('MODIFIER_NW_COMPENSATION_GOLD_PENALTY_CITY', 'YieldType', 'YIELD_GOLD');

INSERT OR IGNORE INTO Modifiers (ModifierId, ModifierType, RunOnce)
    VALUES ('MODIFIER_NW_COMPENSATION_GOLD_PENALTY', 'MODIFIER_PLAYER_CITIES_ATTACH_MODIFIER', 1);
INSERT OR IGNORE INTO ModifierArguments (ModifierId, Name, Value)
    VALUES ('MODIFIER_NW_COMPENSATION_GOLD_PENALTY', 'ModifierId', 'MODIFIER_NW_COMPENSATION_GOLD_PENALTY_CITY');

INSERT INTO Haikesi_Relic_Modifiers (RelicType, ModifierId) VALUES ('COMPENSATIONRUNE', 'MODIFIER_NW_COMPENSATION_GRANT_GOLD');
INSERT INTO Haikesi_Relic_Modifiers (RelicType, ModifierId) VALUES ('COMPENSATIONRUNE', 'MODIFIER_NW_COMPENSATION_GOLD_PENALTY');

-- 秘术冲拳 (ARCANEPUNCHRUNE): 每相邻一个单位武僧 +2 战斗力;购买武僧费用 -25%
INSERT INTO Haikesi_Relic_Modifiers (RelicType, ModifierId)
VALUES ('ARCANEPUNCHRUNE', 'MODIFIER_NW_ARCANE_PUNCH_GRANT');
INSERT OR IGNORE INTO Types (Type, Kind)
    VALUES ('ABILITY_NW_ARCANE_PUNCH', 'KIND_ABILITY');

INSERT OR IGNORE INTO Tags (Tag, Vocabulary)
    VALUES ('CLASS_NW_ARCANE_PUNCH_WARRIOR_MONK', 'ABILITY_CLASS');

INSERT OR IGNORE INTO TypeTags (Type, Tag)
    VALUES ('ABILITY_NW_ARCANE_PUNCH', 'CLASS_NW_ARCANE_PUNCH_WARRIOR_MONK');
INSERT OR IGNORE INTO TypeTags (Type, Tag)
    VALUES ('UNIT_WARRIOR_MONK', 'CLASS_NW_ARCANE_PUNCH_WARRIOR_MONK');

INSERT OR IGNORE INTO UnitAbilities (UnitAbilityType, Name, Description, Inactive)
    VALUES ('ABILITY_NW_ARCANE_PUNCH', 'LOC_HAIKESI_RELIC_ARCANEPUNCHRUNE_NAME', 'LOC_HAIKESI_RELIC_ARCANEPUNCHRUNE_DESCRIPTION', 1);

INSERT OR IGNORE INTO Modifiers (ModifierId, ModifierType)
    VALUES ('MODIFIER_NW_ARCANE_PUNCH_COMBAT', 'MODIFIER_PLAYER_UNIT_ADJUST_COMBAT_FOR_NUMBER_NEIGHBORS');
INSERT OR IGNORE INTO ModifierArguments (ModifierId, Name, Value)
    VALUES ('MODIFIER_NW_ARCANE_PUNCH_COMBAT', 'Amount', '2');
INSERT OR IGNORE INTO ModifierStrings (ModifierId, Context, Text)
    VALUES ('MODIFIER_NW_ARCANE_PUNCH_COMBAT', 'Preview', 'LOC_HAIKESI_ARCANE_PUNCH_COMBAT_PREVIEW');

INSERT OR IGNORE INTO UnitAbilityModifiers (UnitAbilityType, ModifierId)
    VALUES ('ABILITY_NW_ARCANE_PUNCH', 'MODIFIER_NW_ARCANE_PUNCH_COMBAT');

INSERT OR IGNORE INTO Modifiers (ModifierId, ModifierType)
    VALUES ('MODIFIER_NW_ARCANE_PUNCH_GRANT', 'MODIFIER_PLAYER_UNITS_GRANT_ABILITY');
INSERT OR IGNORE INTO ModifierArguments (ModifierId, Name, Value)
    VALUES ('MODIFIER_NW_ARCANE_PUNCH_GRANT', 'AbilityType', 'ABILITY_NW_ARCANE_PUNCH');

INSERT OR IGNORE INTO Modifiers (ModifierId, ModifierType)
    VALUES ('MODIFIER_NW_ARCANE_PUNCH_MONK_PURCHASE_DISCOUNT', 'MODIFIER_PLAYER_CITIES_ADJUST_UNIT_PURCHASE_COST');
INSERT OR IGNORE INTO ModifierArguments (ModifierId, Name, Value) VALUES
    ('MODIFIER_NW_ARCANE_PUNCH_MONK_PURCHASE_DISCOUNT', 'UnitType', 'UNIT_WARRIOR_MONK'),
    ('MODIFIER_NW_ARCANE_PUNCH_MONK_PURCHASE_DISCOUNT', 'Amount',   '25');
INSERT INTO Haikesi_Relic_Modifiers (RelicType, ModifierId)
    VALUES ('ARCANEPUNCHRUNE', 'MODIFIER_NW_ARCANE_PUNCH_MONK_PURCHASE_DISCOUNT');

-- 回归基本功 (BACKTOBASICSRUNE): 除食物外所有产出 +6%
INSERT OR IGNORE INTO Modifiers (ModifierId, ModifierType)
    VALUES ('MODIFIER_NW_BACKTOBASICS_SCIENCE',    'MODIFIER_PLAYER_CITIES_ADJUST_CITY_YIELD_MODIFIER');
INSERT OR IGNORE INTO Modifiers (ModifierId, ModifierType)
    VALUES ('MODIFIER_NW_BACKTOBASICS_CULTURE',   'MODIFIER_PLAYER_CITIES_ADJUST_CITY_YIELD_MODIFIER');
INSERT OR IGNORE INTO Modifiers (ModifierId, ModifierType)
    VALUES ('MODIFIER_NW_BACKTOBASICS_FAITH',     'MODIFIER_PLAYER_CITIES_ADJUST_CITY_YIELD_MODIFIER');
INSERT OR IGNORE INTO Modifiers (ModifierId, ModifierType)
    VALUES ('MODIFIER_NW_BACKTOBASICS_GOLD',      'MODIFIER_PLAYER_CITIES_ADJUST_CITY_YIELD_MODIFIER');
INSERT OR IGNORE INTO Modifiers (ModifierId, ModifierType)
    VALUES ('MODIFIER_NW_BACKTOBASICS_PRODUCTION','MODIFIER_PLAYER_CITIES_ADJUST_CITY_YIELD_MODIFIER');

INSERT OR IGNORE INTO ModifierArguments (ModifierId, Name, Value) VALUES ('MODIFIER_NW_BACKTOBASICS_SCIENCE',    'Amount', '6');
INSERT OR IGNORE INTO ModifierArguments (ModifierId, Name, Value) VALUES ('MODIFIER_NW_BACKTOBASICS_SCIENCE',    'YieldType', 'YIELD_SCIENCE');
INSERT OR IGNORE INTO ModifierArguments (ModifierId, Name, Value) VALUES ('MODIFIER_NW_BACKTOBASICS_CULTURE',   'Amount', '6');
INSERT OR IGNORE INTO ModifierArguments (ModifierId, Name, Value) VALUES ('MODIFIER_NW_BACKTOBASICS_CULTURE',   'YieldType', 'YIELD_CULTURE');
INSERT OR IGNORE INTO ModifierArguments (ModifierId, Name, Value) VALUES ('MODIFIER_NW_BACKTOBASICS_FAITH',     'Amount', '6');
INSERT OR IGNORE INTO ModifierArguments (ModifierId, Name, Value) VALUES ('MODIFIER_NW_BACKTOBASICS_FAITH',     'YieldType', 'YIELD_FAITH');
INSERT OR IGNORE INTO ModifierArguments (ModifierId, Name, Value) VALUES ('MODIFIER_NW_BACKTOBASICS_GOLD',      'Amount', '6');
INSERT OR IGNORE INTO ModifierArguments (ModifierId, Name, Value) VALUES ('MODIFIER_NW_BACKTOBASICS_GOLD',      'YieldType', 'YIELD_GOLD');
INSERT OR IGNORE INTO ModifierArguments (ModifierId, Name, Value) VALUES ('MODIFIER_NW_BACKTOBASICS_PRODUCTION','Amount', '6');
INSERT OR IGNORE INTO ModifierArguments (ModifierId, Name, Value) VALUES ('MODIFIER_NW_BACKTOBASICS_PRODUCTION','YieldType', 'YIELD_PRODUCTION');

INSERT INTO Haikesi_Relic_Modifiers (RelicType, ModifierId) VALUES ('BACKTOBASICSRUNE', 'MODIFIER_NW_BACKTOBASICS_SCIENCE');
INSERT INTO Haikesi_Relic_Modifiers (RelicType, ModifierId) VALUES ('BACKTOBASICSRUNE', 'MODIFIER_NW_BACKTOBASICS_CULTURE');
INSERT INTO Haikesi_Relic_Modifiers (RelicType, ModifierId) VALUES ('BACKTOBASICSRUNE', 'MODIFIER_NW_BACKTOBASICS_FAITH');
INSERT INTO Haikesi_Relic_Modifiers (RelicType, ModifierId) VALUES ('BACKTOBASICSRUNE', 'MODIFIER_NW_BACKTOBASICS_GOLD');
INSERT INTO Haikesi_Relic_Modifiers (RelicType, ModifierId) VALUES ('BACKTOBASICSRUNE', 'MODIFIER_NW_BACKTOBASICS_PRODUCTION');

-- 面包三明治 (BREADSANDWICHRUNE): 所有城市 +1 宜居度
INSERT OR IGNORE INTO Modifiers (ModifierId, ModifierType)
    VALUES ('MODIFIER_NW_BREADSANDWICH_AMENITY', 'MODIFIER_PLAYER_CITIES_ADJUST_TRAIT_AMENITY');
INSERT OR IGNORE INTO ModifierArguments (ModifierId, Name, Value)
    VALUES ('MODIFIER_NW_BREADSANDWICH_AMENITY', 'Amount', '1');

INSERT INTO Haikesi_Relic_Modifiers (RelicType, ModifierId) VALUES ('BREADSANDWICHRUNE', 'MODIFIER_NW_BREADSANDWICH_AMENITY');

-- 小丑学院 (CLOWNCOLLEGERUNE): 学院 +2 科技、图书馆 +1 科技
INSERT OR IGNORE INTO Modifiers (ModifierId, ModifierType, SubjectRequirementSetId)
    VALUES ('MODIFIER_NW_CLOWNCOLLEGE_SCIENCE', 'MODIFIER_PLAYER_DISTRICTS_ADJUST_YIELD_CHANGE', 'DISTRICT_IS_CAMPUS');
INSERT OR IGNORE INTO ModifierArguments (ModifierId, Name, Value)
    VALUES ('MODIFIER_NW_CLOWNCOLLEGE_SCIENCE', 'Amount', '2');
INSERT OR IGNORE INTO ModifierArguments (ModifierId, Name, Value)
    VALUES ('MODIFIER_NW_CLOWNCOLLEGE_SCIENCE', 'YieldType', 'YIELD_SCIENCE');

INSERT OR IGNORE INTO Modifiers (ModifierId, ModifierType) VALUES ('MODIFIER_NW_CLOWNCOLLEGE_LIBRARY_SCIENCE', 'MODIFIER_PLAYER_CITIES_ADJUST_BUILDING_YIELD_CHANGE');
INSERT OR IGNORE INTO ModifierArguments (ModifierId, Name, Value) VALUES ('MODIFIER_NW_CLOWNCOLLEGE_LIBRARY_SCIENCE', 'Amount', '1');
INSERT OR IGNORE INTO ModifierArguments (ModifierId, Name, Value) VALUES ('MODIFIER_NW_CLOWNCOLLEGE_LIBRARY_SCIENCE', 'BuildingType', 'BUILDING_LIBRARY');
INSERT OR IGNORE INTO ModifierArguments (ModifierId, Name, Value) VALUES ('MODIFIER_NW_CLOWNCOLLEGE_LIBRARY_SCIENCE', 'YieldType', 'YIELD_SCIENCE');
INSERT INTO Haikesi_Relic_Modifiers (RelicType, ModifierId) VALUES ('CLOWNCOLLEGERUNE', 'MODIFIER_NW_CLOWNCOLLEGE_SCIENCE');
INSERT INTO Haikesi_Relic_Modifiers (RelicType, ModifierId) VALUES ('CLOWNCOLLEGERUNE', 'MODIFIER_NW_CLOWNCOLLEGE_LIBRARY_SCIENCE');

-- 超负荷 (COREOVERLOADRUNE): +15 清洁电力 + 工业区前置降至采矿
INSERT OR IGNORE INTO Modifiers (ModifierId, ModifierType)
    VALUES ('MODIFIER_NW_COREOVERLOAD_POWER', 'MODIFIER_PLAYER_CITIES_ADJUST_FREE_POWER');
INSERT OR IGNORE INTO ModifierArguments (ModifierId, Name, Value)
    VALUES ('MODIFIER_NW_COREOVERLOAD_POWER', 'Amount', '15');
INSERT OR IGNORE INTO ModifierArguments (ModifierId, Name, Value)
    VALUES ('MODIFIER_NW_COREOVERLOAD_POWER', 'SourceType', 'FREE_POWER_SOURCE_MISC');

INSERT OR IGNORE INTO Modifiers (ModifierId, ModifierType)
    VALUES ('MODIFIER_NW_COREOVERLOAD_UNLOCK_IZ', 'MODIFIER_PLAYER_ADJUST_DISTRICT_UNLOCK');
INSERT OR IGNORE INTO ModifierArguments (ModifierId, Name, Value)
    VALUES ('MODIFIER_NW_COREOVERLOAD_UNLOCK_IZ', 'DistrictType', 'DISTRICT_INDUSTRIAL_ZONE');
INSERT OR IGNORE INTO ModifierArguments (ModifierId, Name, Value)
    VALUES ('MODIFIER_NW_COREOVERLOAD_UNLOCK_IZ', 'TechType', 'TECH_MINING');

INSERT INTO Haikesi_Relic_Modifiers (RelicType, ModifierId) VALUES ('COREOVERLOADRUNE', 'MODIFIER_NW_COREOVERLOAD_POWER');
INSERT INTO Haikesi_Relic_Modifiers (RelicType, ModifierId) VALUES ('COREOVERLOADRUNE', 'MODIFIER_NW_COREOVERLOAD_UNLOCK_IZ');

-- 巨像的勇气 (COURAGEOFCOLOSSUSRUNE): 建造奇观 +45% 生产力
INSERT OR IGNORE INTO Modifiers (ModifierId, ModifierType)
    VALUES ('MODIFIER_NW_COURAGEOFCOLOSSUS_WONDER', 'MODIFIER_PLAYER_CITIES_ADJUST_WONDER_PRODUCTION');
INSERT OR IGNORE INTO ModifierArguments (ModifierId, Name, Value)
    VALUES ('MODIFIER_NW_COURAGEOFCOLOSSUS_WONDER', 'Amount', '45');

INSERT INTO Haikesi_Relic_Modifiers (RelicType, ModifierId) VALUES ('COURAGEOFCOLOSSUSRUNE', 'MODIFIER_NW_COURAGEOFCOLOSSUS_WONDER');

-- 利刃华尔兹 (BLADEWALTZRUNE): 敌方境内 +1 移动力、+3 战斗力
INSERT OR IGNORE INTO Modifiers (ModifierId, ModifierType)
    VALUES ('MODIFIER_NW_BLADEWALTZ_MOVEMENT', 'MODIFIER_PLAYER_UNITS_ADJUST_ENEMY_TERRITORY_START_MOVEMENT');
INSERT OR IGNORE INTO ModifierArguments (ModifierId, Name, Value)
    VALUES ('MODIFIER_NW_BLADEWALTZ_MOVEMENT', 'Amount', '1');

INSERT INTO Haikesi_Relic_Modifiers (RelicType, ModifierId) VALUES ('BLADEWALTZRUNE', 'MODIFIER_NW_BLADEWALTZ_MOVEMENT');

INSERT OR IGNORE INTO Requirements (RequirementId, RequirementType)
    VALUES ('NW_BLADEWALTZ_REQ_UNIT_IN_ENEMY_TERRITORY', 'REQUIREMENT_UNIT_IN_ENEMY_TERRITORY');
INSERT OR IGNORE INTO RequirementSets (RequirementSetId, RequirementSetType)
    VALUES ('NW_BLADEWALTZ_PLOT_IS_ENEMY_TERRITORY', 'REQUIREMENTSET_TEST_ALL');
INSERT OR IGNORE INTO RequirementSetRequirements (RequirementSetId, RequirementId)
    VALUES ('NW_BLADEWALTZ_PLOT_IS_ENEMY_TERRITORY', 'NW_BLADEWALTZ_REQ_UNIT_IN_ENEMY_TERRITORY');

INSERT OR IGNORE INTO Modifiers (ModifierId, ModifierType, SubjectRequirementSetId)
    VALUES ('MODIFIER_NW_BLADEWALTZ_ENEMY_COMBAT_STRENGTH', 'MODIFIER_UNIT_ADJUST_COMBAT_STRENGTH', 'NW_BLADEWALTZ_PLOT_IS_ENEMY_TERRITORY');
INSERT OR IGNORE INTO ModifierArguments (ModifierId, Name, Value)
    VALUES ('MODIFIER_NW_BLADEWALTZ_ENEMY_COMBAT_STRENGTH', 'Amount', '3');
INSERT OR IGNORE INTO ModifierStrings (ModifierId, Context, Text)
    VALUES ('MODIFIER_NW_BLADEWALTZ_ENEMY_COMBAT_STRENGTH', 'Preview', '+{1_Amount} 敌方境内战斗力增益');

INSERT OR IGNORE INTO Types (Type, Kind) VALUES ('ABILITY_NW_BLADEWALTZ_ENEMY_COMBAT', 'KIND_ABILITY');
INSERT OR IGNORE INTO UnitAbilities (UnitAbilityType, Name, Description, Inactive)
    VALUES ('ABILITY_NW_BLADEWALTZ_ENEMY_COMBAT', 'LOC_ABILITY_NW_BLADEWALTZ_ENEMY_COMBAT_NAME', 'LOC_ABILITY_NW_BLADEWALTZ_ENEMY_COMBAT_DESCRIPTION', 1);
INSERT OR IGNORE INTO UnitAbilityModifiers (UnitAbilityType, ModifierId)
    VALUES ('ABILITY_NW_BLADEWALTZ_ENEMY_COMBAT', 'MODIFIER_NW_BLADEWALTZ_ENEMY_COMBAT_STRENGTH');

INSERT OR IGNORE INTO Modifiers (ModifierId, ModifierType)
    VALUES ('MODIFIER_NW_BLADEWALTZ_GRANT_ABILITY', 'MODIFIER_PLAYER_UNITS_GRANT_ABILITY');
INSERT OR IGNORE INTO ModifierArguments (ModifierId, Name, Value)
    VALUES ('MODIFIER_NW_BLADEWALTZ_GRANT_ABILITY', 'AbilityType', 'ABILITY_NW_BLADEWALTZ_ENEMY_COMBAT');

INSERT INTO Haikesi_Relic_Modifiers (RelicType, ModifierId) VALUES ('BLADEWALTZRUNE', 'MODIFIER_NW_BLADEWALTZ_GRANT_ABILITY');

-- 地狱三头犬 (CERBERUSRUNE): 所有城市各获得 3 个侦察兵
INSERT OR IGNORE INTO Modifiers (ModifierId, ModifierType, RunOnce, Permanent)
    VALUES ('MODIFIER_NW_CERBERUS_SCOUT', 'MODIFIER_PLAYER_CITIES_GRANT_UNIT_IN_CITY', 1, 1);
INSERT OR IGNORE INTO ModifierArguments (ModifierId, Name, Value)
    VALUES ('MODIFIER_NW_CERBERUS_SCOUT', 'UnitType', 'UNIT_SCOUT');
INSERT OR IGNORE INTO ModifierArguments (ModifierId, Name, Value)
    VALUES ('MODIFIER_NW_CERBERUS_SCOUT', 'Amount', '3');

INSERT INTO Haikesi_Relic_Modifiers (RelicType, ModifierId) VALUES ('CERBERUSRUNE', 'MODIFIER_NW_CERBERUS_SCOUT');

-- 风驰 (EXTREMESPEEDRUNE): 非黑暗时代时军事单位 +1 移动力
INSERT OR IGNORE INTO Requirements (RequirementId, RequirementType, Inverse)
    VALUES ('NW_REQUIRES_NOT_DARK_AGE', 'REQUIREMENT_PLAYER_HAS_DARK_AGE', 1);
INSERT OR IGNORE INTO RequirementSets (RequirementSetId, RequirementSetType)
    VALUES ('NW_NOT_DARK_AGE_REQUIREMENTS', 'REQUIREMENTSET_TEST_ALL');
INSERT OR IGNORE INTO RequirementSetRequirements (RequirementSetId, RequirementId)
    VALUES ('NW_NOT_DARK_AGE_REQUIREMENTS', 'NW_REQUIRES_NOT_DARK_AGE');

INSERT OR IGNORE INTO Requirements (RequirementId, RequirementType)
    VALUES ('NW_REQUIRES_UNIT_IS_COMBAT', 'REQUIREMENT_UNIT_IS_COMBAT');
INSERT OR IGNORE INTO RequirementSetRequirements (RequirementSetId, RequirementId)
    VALUES ('NW_NOT_DARK_AGE_REQUIREMENTS', 'NW_REQUIRES_UNIT_IS_COMBAT');

INSERT OR IGNORE INTO Modifiers (ModifierId, ModifierType, SubjectRequirementSetId)
    VALUES ('MODIFIER_NW_EXTREMESPEED_MOVEMENT', 'MODIFIER_PLAYER_UNITS_ADJUST_MOVEMENT', 'NW_NOT_DARK_AGE_REQUIREMENTS');
INSERT OR IGNORE INTO ModifierArguments (ModifierId, Name, Value)
    VALUES ('MODIFIER_NW_EXTREMESPEED_MOVEMENT', 'Amount', '1');

INSERT INTO Haikesi_Relic_Modifiers (RelicType, ModifierId) VALUES ('EXTREMESPEEDRUNE', 'MODIFIER_NW_EXTREMESPEED_MOVEMENT');

-- 蛋白粉奶昔 (PROTEINSHAKERUNE): 所有单位获得的经验值 +100%
INSERT OR IGNORE INTO Modifiers (ModifierId, ModifierType)
    VALUES ('MODIFIER_NW_PROTEINSHAKE_XP', 'MODIFIER_PLAYER_UNITS_ADJUST_UNIT_EXPERIENCE_MODIFIER');
INSERT OR IGNORE INTO ModifierArguments (ModifierId, Name, Value)
    VALUES ('MODIFIER_NW_PROTEINSHAKE_XP', 'Amount', '100');

INSERT INTO Haikesi_Relic_Modifiers (RelicType, ModifierId) VALUES ('PROTEINSHAKERUNE', 'MODIFIER_NW_PROTEINSHAKE_XP');

-- 玻璃大炮 (GLASSCANNONRUNE): 攻击时 +7 战斗力,防御时 -7 战斗力
INSERT OR IGNORE INTO Requirements (RequirementId, RequirementType, Inverse)
    VALUES ('NW_GLASSCANNON_REQUIRES_IS_ATTACKING', 'REQUIREMENT_PLAYER_IS_ATTACKING', 0);
INSERT OR IGNORE INTO RequirementSets (RequirementSetId, RequirementSetType)
    VALUES ('NW_GLASSCANNON_ATTACK_REQUIREMENTS', 'REQUIREMENTSET_TEST_ALL');
INSERT OR IGNORE INTO RequirementSetRequirements (RequirementSetId, RequirementId)
    VALUES ('NW_GLASSCANNON_ATTACK_REQUIREMENTS', 'NW_GLASSCANNON_REQUIRES_IS_ATTACKING');

INSERT OR IGNORE INTO Requirements (RequirementId, RequirementType, Inverse)
    VALUES ('NW_GLASSCANNON_REQUIRES_IS_DEFENDING', 'REQUIREMENT_PLAYER_IS_ATTACKING', 1);
INSERT OR IGNORE INTO RequirementSets (RequirementSetId, RequirementSetType)
    VALUES ('NW_GLASSCANNON_DEFEND_REQUIREMENTS', 'REQUIREMENTSET_TEST_ALL');
INSERT OR IGNORE INTO RequirementSetRequirements (RequirementSetId, RequirementId)
    VALUES ('NW_GLASSCANNON_DEFEND_REQUIREMENTS', 'NW_GLASSCANNON_REQUIRES_IS_DEFENDING');

INSERT OR IGNORE INTO Modifiers (ModifierId, ModifierType, SubjectRequirementSetId)
    VALUES ('MODIFIER_NW_GLASSCANNON_ATTACK', 'MODIFIER_PLAYER_UNITS_ADJUST_COMBAT_STRENGTH', 'NW_GLASSCANNON_ATTACK_REQUIREMENTS');
INSERT OR IGNORE INTO ModifierArguments (ModifierId, Name, Value)
    VALUES ('MODIFIER_NW_GLASSCANNON_ATTACK', 'Amount', '7');
INSERT OR IGNORE INTO ModifierStrings (ModifierId, Context, Text)
VALUES ('MODIFIER_NW_GLASSCANNON_ATTACK', 'Preview', '+{1_Amount} 进攻战斗力增益');

INSERT OR IGNORE INTO Modifiers (ModifierId, ModifierType, SubjectRequirementSetId)
    VALUES ('MODIFIER_NW_GLASSCANNON_DEFEND', 'MODIFIER_PLAYER_UNITS_ADJUST_COMBAT_STRENGTH', 'NW_GLASSCANNON_DEFEND_REQUIREMENTS');
INSERT OR IGNORE INTO ModifierArguments (ModifierId, Name, Value)
    VALUES ('MODIFIER_NW_GLASSCANNON_DEFEND', 'Amount', '-7');
INSERT OR IGNORE INTO ModifierStrings (ModifierId, Context, Text)
VALUES ('MODIFIER_NW_GLASSCANNON_DEFEND', 'Preview', '{1_Amount} 防御战斗力减益');

INSERT INTO Haikesi_Relic_Modifiers (RelicType, ModifierId) VALUES ('GLASSCANNONRUNE', 'MODIFIER_NW_GLASSCANNON_ATTACK');
INSERT INTO Haikesi_Relic_Modifiers (RelicType, ModifierId) VALUES ('GLASSCANNONRUNE', 'MODIFIER_NW_GLASSCANNON_DEFEND');

-- 连拨击锤 (FANTHEHAMMERRUNE): 远程单位每回合 +1 次攻击(攻击时 -5 战斗力)
INSERT OR IGNORE INTO Types (Type, Kind)
    VALUES ('ABILITY_NW_FANTHEHAMMER', 'KIND_ABILITY');

INSERT OR IGNORE INTO TypeTags (Type, Tag)
    VALUES ('ABILITY_NW_FANTHEHAMMER', 'CLASS_RANGED');

INSERT OR IGNORE INTO UnitAbilities (UnitAbilityType, Name, Description, Inactive)
    VALUES ('ABILITY_NW_FANTHEHAMMER', 'LOC_HAIKESI_RELIC_FANTHEHAMMERRUNE_NAME', 'LOC_HAIKESI_RELIC_FANTHEHAMMERRUNE_DESCRIPTION', 1);

INSERT OR IGNORE INTO Modifiers (ModifierId, ModifierType)
    VALUES ('MODIFIER_NW_FANTHEHAMMER_NUM_ATTACKS', 'MODIFIER_UNIT_ADJUST_NUM_ATTACKS');
INSERT OR IGNORE INTO ModifierArguments (ModifierId, Name, Value)
    VALUES ('MODIFIER_NW_FANTHEHAMMER_NUM_ATTACKS', 'Amount', '1');

INSERT OR IGNORE INTO UnitAbilityModifiers (UnitAbilityType, ModifierId)
    VALUES ('ABILITY_NW_FANTHEHAMMER', 'MODIFIER_NW_FANTHEHAMMER_NUM_ATTACKS');

INSERT OR IGNORE INTO Modifiers (ModifierId, ModifierType, SubjectRequirementSetId)
    VALUES ('MODIFIER_NW_FANTHEHAMMER_ATTACK_PENALTY', 'MODIFIER_UNIT_ADJUST_COMBAT_STRENGTH', 'NW_GLASSCANNON_ATTACK_REQUIREMENTS');
INSERT OR IGNORE INTO ModifierArguments (ModifierId, Name, Value)
    VALUES ('MODIFIER_NW_FANTHEHAMMER_ATTACK_PENALTY', 'Amount', '-5');
INSERT OR IGNORE INTO ModifierStrings (ModifierId, Context, Text)
    VALUES ('MODIFIER_NW_FANTHEHAMMER_ATTACK_PENALTY', 'Preview', '{1_Amount} 连拨击锤攻击战斗力减益');
INSERT OR IGNORE INTO UnitAbilityModifiers (UnitAbilityType, ModifierId)
    VALUES ('ABILITY_NW_FANTHEHAMMER', 'MODIFIER_NW_FANTHEHAMMER_ATTACK_PENALTY');

INSERT OR IGNORE INTO Modifiers (ModifierId, ModifierType)
    VALUES ('MODIFIER_NW_FANTHEHAMMER_GRANT', 'MODIFIER_PLAYER_UNITS_GRANT_ABILITY');
INSERT OR IGNORE INTO ModifierArguments (ModifierId, Name, Value)
    VALUES ('MODIFIER_NW_FANTHEHAMMER_GRANT', 'AbilityType', 'ABILITY_NW_FANTHEHAMMER');

INSERT INTO Haikesi_Relic_Modifiers (RelicType, ModifierId) VALUES ('FANTHEHAMMERRUNE', 'MODIFIER_NW_FANTHEHAMMER_GRANT');

-- 金铲铲 (GOLDENSPATULARUNE): 建造者 +1 移动力、+1 使用次数
INSERT OR IGNORE INTO Modifiers (ModifierId, ModifierType, SubjectRequirementSetId)
    VALUES ('MODIFIER_NW_GOLDENSPATULA_MOVEMENT', 'MODIFIER_PLAYER_UNITS_ADJUST_MOVEMENT', 'UNIT_IS_BUILDER');
INSERT OR IGNORE INTO ModifierArguments (ModifierId, Name, Value)
    VALUES ('MODIFIER_NW_GOLDENSPATULA_MOVEMENT', 'Amount', '1');

INSERT OR IGNORE INTO Modifiers (ModifierId, ModifierType, SubjectRequirementSetId)
    VALUES ('MODIFIER_NW_GOLDENSPATULA_CHARGES', 'MODIFIER_PLAYER_UNITS_ADJUST_BUILDER_CHARGES', 'UNIT_IS_BUILDER');
INSERT OR IGNORE INTO ModifierArguments (ModifierId, Name, Value)
    VALUES ('MODIFIER_NW_GOLDENSPATULA_CHARGES', 'Amount', '1');

INSERT INTO Haikesi_Relic_Modifiers (RelicType, ModifierId) VALUES ('GOLDENSPATULARUNE', 'MODIFIER_NW_GOLDENSPATULA_MOVEMENT');
INSERT INTO Haikesi_Relic_Modifiers (RelicType, ModifierId) VALUES ('GOLDENSPATULARUNE', 'MODIFIER_NW_GOLDENSPATULA_CHARGES');

-- 米凯尔的祝福 (MIKAELSBLESSINGRUNE): 圣地信仰值相邻加成提供两遍信仰值
INSERT OR IGNORE INTO Modifiers (ModifierId, ModifierType, SubjectRequirementSetId)
    VALUES ('MODIFIER_NW_MIKAELS_FAITH', 'MODIFIER_ALL_DISTRICTS_ADJUST_YIELD_BASED_ON_ADJACENCY_BONUS', 'DISTRICT_IS_HOLY_SITE');
INSERT OR IGNORE INTO ModifierArguments (ModifierId, Name, Value)
    VALUES ('MODIFIER_NW_MIKAELS_FAITH', 'YieldTypeToMirror', 'YIELD_FAITH');
INSERT OR IGNORE INTO ModifierArguments (ModifierId, Name, Value)
    VALUES ('MODIFIER_NW_MIKAELS_FAITH', 'YieldTypeToGrant', 'YIELD_FAITH');
INSERT INTO Haikesi_Relic_Modifiers (RelicType, ModifierId) VALUES ('MIKAELSBLESSINGRUNE', 'MODIFIER_NW_MIKAELS_FAITH');

-- 达弗的陈酿 (DUFFSVINTAGERUNE): 商业中心/市场/银行依次 +3/+4/+5 金币
INSERT OR IGNORE INTO Modifiers (ModifierId, ModifierType, SubjectRequirementSetId)
    VALUES ('MODIFIER_NW_DUFFS_GOLD', 'MODIFIER_PLAYER_DISTRICTS_ADJUST_YIELD_CHANGE', 'DISTRICT_IS_COMMERCIAL_HUB');
INSERT OR IGNORE INTO ModifierArguments (ModifierId, Name, Value)
    VALUES ('MODIFIER_NW_DUFFS_GOLD', 'Amount', '3');
INSERT OR IGNORE INTO ModifierArguments (ModifierId, Name, Value)
    VALUES ('MODIFIER_NW_DUFFS_GOLD', 'YieldType', 'YIELD_GOLD');
INSERT INTO Haikesi_Relic_Modifiers (RelicType, ModifierId) VALUES ('DUFFSVINTAGERUNE', 'MODIFIER_NW_DUFFS_GOLD');

INSERT OR IGNORE INTO Modifiers (ModifierId, ModifierType)
    VALUES ('MODIFIER_NW_DUFFS_MARKET_GOLD', 'MODIFIER_PLAYER_CITIES_ADJUST_BUILDING_YIELD_CHANGE');
INSERT OR IGNORE INTO ModifierArguments (ModifierId, Name, Value)
    VALUES ('MODIFIER_NW_DUFFS_MARKET_GOLD', 'Amount', '4');
INSERT OR IGNORE INTO ModifierArguments (ModifierId, Name, Value)
    VALUES ('MODIFIER_NW_DUFFS_MARKET_GOLD', 'BuildingType', 'BUILDING_MARKET');
INSERT OR IGNORE INTO ModifierArguments (ModifierId, Name, Value)
    VALUES ('MODIFIER_NW_DUFFS_MARKET_GOLD', 'YieldType', 'YIELD_GOLD');
INSERT INTO Haikesi_Relic_Modifiers (RelicType, ModifierId) VALUES ('DUFFSVINTAGERUNE', 'MODIFIER_NW_DUFFS_MARKET_GOLD');

INSERT OR IGNORE INTO Modifiers (ModifierId, ModifierType)
    VALUES ('MODIFIER_NW_DUFFS_BANK_GOLD', 'MODIFIER_PLAYER_CITIES_ADJUST_BUILDING_YIELD_CHANGE');
INSERT OR IGNORE INTO ModifierArguments (ModifierId, Name, Value)
    VALUES ('MODIFIER_NW_DUFFS_BANK_GOLD', 'Amount', '5');
INSERT OR IGNORE INTO ModifierArguments (ModifierId, Name, Value)
    VALUES ('MODIFIER_NW_DUFFS_BANK_GOLD', 'BuildingType', 'BUILDING_BANK');
INSERT OR IGNORE INTO ModifierArguments (ModifierId, Name, Value)
    VALUES ('MODIFIER_NW_DUFFS_BANK_GOLD', 'YieldType', 'YIELD_GOLD');
INSERT INTO Haikesi_Relic_Modifiers (RelicType, ModifierId) VALUES ('DUFFSVINTAGERUNE', 'MODIFIER_NW_DUFFS_BANK_GOLD');

-- 星光璀璨 (STARLIGHTSPLENDORRUNE): 招募每个伟人时完成 1 项随机市政;所有城市文化 -15%
INSERT OR IGNORE INTO Requirements (RequirementId, RequirementType) VALUES ('NW_REQ_UNIT_IS_GP_GENERAL',   'REQUIREMENT_GREAT_PERSON_TYPE_MATCHES');
INSERT OR IGNORE INTO RequirementArguments (RequirementId, Name, Value) VALUES ('NW_REQ_UNIT_IS_GP_GENERAL',   'GreatPersonClassType', 'GREAT_PERSON_CLASS_GENERAL');
INSERT OR IGNORE INTO Requirements (RequirementId, RequirementType) VALUES ('NW_REQ_UNIT_IS_GP_ADMIRAL',   'REQUIREMENT_GREAT_PERSON_TYPE_MATCHES');
INSERT OR IGNORE INTO RequirementArguments (RequirementId, Name, Value) VALUES ('NW_REQ_UNIT_IS_GP_ADMIRAL',   'GreatPersonClassType', 'GREAT_PERSON_CLASS_ADMIRAL');
INSERT OR IGNORE INTO Requirements (RequirementId, RequirementType) VALUES ('NW_REQ_UNIT_IS_GP_ENGINEER',  'REQUIREMENT_GREAT_PERSON_TYPE_MATCHES');
INSERT OR IGNORE INTO RequirementArguments (RequirementId, Name, Value) VALUES ('NW_REQ_UNIT_IS_GP_ENGINEER',  'GreatPersonClassType', 'GREAT_PERSON_CLASS_ENGINEER');
INSERT OR IGNORE INTO Requirements (RequirementId, RequirementType) VALUES ('NW_REQ_UNIT_IS_GP_MERCHANT',  'REQUIREMENT_GREAT_PERSON_TYPE_MATCHES');
INSERT OR IGNORE INTO RequirementArguments (RequirementId, Name, Value) VALUES ('NW_REQ_UNIT_IS_GP_MERCHANT',  'GreatPersonClassType', 'GREAT_PERSON_CLASS_MERCHANT');
INSERT OR IGNORE INTO Requirements (RequirementId, RequirementType) VALUES ('NW_REQ_UNIT_IS_GP_PROPHET',   'REQUIREMENT_GREAT_PERSON_TYPE_MATCHES');
INSERT OR IGNORE INTO RequirementArguments (RequirementId, Name, Value) VALUES ('NW_REQ_UNIT_IS_GP_PROPHET',   'GreatPersonClassType', 'GREAT_PERSON_CLASS_PROPHET');
INSERT OR IGNORE INTO Requirements (RequirementId, RequirementType) VALUES ('NW_REQ_UNIT_IS_GP_SCIENTIST', 'REQUIREMENT_GREAT_PERSON_TYPE_MATCHES');
INSERT OR IGNORE INTO RequirementArguments (RequirementId, Name, Value) VALUES ('NW_REQ_UNIT_IS_GP_SCIENTIST', 'GreatPersonClassType', 'GREAT_PERSON_CLASS_SCIENTIST');
INSERT OR IGNORE INTO Requirements (RequirementId, RequirementType) VALUES ('NW_REQ_UNIT_IS_GP_WRITER',    'REQUIREMENT_GREAT_PERSON_TYPE_MATCHES');
INSERT OR IGNORE INTO RequirementArguments (RequirementId, Name, Value) VALUES ('NW_REQ_UNIT_IS_GP_WRITER',    'GreatPersonClassType', 'GREAT_PERSON_CLASS_WRITER');
INSERT OR IGNORE INTO Requirements (RequirementId, RequirementType) VALUES ('NW_REQ_UNIT_IS_GP_ARTIST',    'REQUIREMENT_GREAT_PERSON_TYPE_MATCHES');
INSERT OR IGNORE INTO RequirementArguments (RequirementId, Name, Value) VALUES ('NW_REQ_UNIT_IS_GP_ARTIST',    'GreatPersonClassType', 'GREAT_PERSON_CLASS_ARTIST');
INSERT OR IGNORE INTO Requirements (RequirementId, RequirementType) VALUES ('NW_REQ_UNIT_IS_GP_MUSICIAN',  'REQUIREMENT_GREAT_PERSON_TYPE_MATCHES');
INSERT OR IGNORE INTO RequirementArguments (RequirementId, Name, Value) VALUES ('NW_REQ_UNIT_IS_GP_MUSICIAN',  'GreatPersonClassType', 'GREAT_PERSON_CLASS_MUSICIAN');
INSERT OR IGNORE INTO Requirements (RequirementId, RequirementType) VALUES ('NW_REQ_UNIT_IS_GP_COMANDANTE','REQUIREMENT_GREAT_PERSON_TYPE_MATCHES');
INSERT OR IGNORE INTO RequirementArguments (RequirementId, Name, Value) VALUES ('NW_REQ_UNIT_IS_GP_COMANDANTE','GreatPersonClassType', 'GREAT_PERSON_CLASS_COMANDANTE_GENERAL');
INSERT OR IGNORE INTO Requirements (RequirementId, RequirementType) VALUES ('NW_REQ_UNIT_IS_GP_ZONGHAN',   'REQUIREMENT_GREAT_PERSON_TYPE_MATCHES');
INSERT OR IGNORE INTO RequirementArguments (RequirementId, Name, Value) VALUES ('NW_REQ_UNIT_IS_GP_ZONGHAN',   'GreatPersonClassType', 'GREAT_PERSON_CLASS_NW_ZONGHAN');

INSERT OR IGNORE INTO RequirementSets (RequirementSetId, RequirementSetType)
    VALUES ('NW_UNIT_IS_GREAT_PERSON', 'REQUIREMENTSET_TEST_ANY');
INSERT OR IGNORE INTO RequirementSetRequirements (RequirementSetId, RequirementId) VALUES ('NW_UNIT_IS_GREAT_PERSON', 'NW_REQ_UNIT_IS_GP_GENERAL');
INSERT OR IGNORE INTO RequirementSetRequirements (RequirementSetId, RequirementId) VALUES ('NW_UNIT_IS_GREAT_PERSON', 'NW_REQ_UNIT_IS_GP_ADMIRAL');
INSERT OR IGNORE INTO RequirementSetRequirements (RequirementSetId, RequirementId) VALUES ('NW_UNIT_IS_GREAT_PERSON', 'NW_REQ_UNIT_IS_GP_ENGINEER');
INSERT OR IGNORE INTO RequirementSetRequirements (RequirementSetId, RequirementId) VALUES ('NW_UNIT_IS_GREAT_PERSON', 'NW_REQ_UNIT_IS_GP_MERCHANT');
INSERT OR IGNORE INTO RequirementSetRequirements (RequirementSetId, RequirementId) VALUES ('NW_UNIT_IS_GREAT_PERSON', 'NW_REQ_UNIT_IS_GP_PROPHET');
INSERT OR IGNORE INTO RequirementSetRequirements (RequirementSetId, RequirementId) VALUES ('NW_UNIT_IS_GREAT_PERSON', 'NW_REQ_UNIT_IS_GP_SCIENTIST');
INSERT OR IGNORE INTO RequirementSetRequirements (RequirementSetId, RequirementId) VALUES ('NW_UNIT_IS_GREAT_PERSON', 'NW_REQ_UNIT_IS_GP_WRITER');
INSERT OR IGNORE INTO RequirementSetRequirements (RequirementSetId, RequirementId) VALUES ('NW_UNIT_IS_GREAT_PERSON', 'NW_REQ_UNIT_IS_GP_ARTIST');
INSERT OR IGNORE INTO RequirementSetRequirements (RequirementSetId, RequirementId) VALUES ('NW_UNIT_IS_GREAT_PERSON', 'NW_REQ_UNIT_IS_GP_MUSICIAN');
INSERT OR IGNORE INTO RequirementSetRequirements (RequirementSetId, RequirementId) VALUES ('NW_UNIT_IS_GREAT_PERSON', 'NW_REQ_UNIT_IS_GP_COMANDANTE');
INSERT OR IGNORE INTO RequirementSetRequirements (RequirementSetId, RequirementId) VALUES ('NW_UNIT_IS_GREAT_PERSON', 'NW_REQ_UNIT_IS_GP_ZONGHAN');

INSERT OR IGNORE INTO Modifiers (ModifierId, ModifierType, RunOnce, Permanent)
    VALUES ('MODIFIER_NW_STARLIGHT_GRANT_CIVIC_OWNER', 'MODIFIER_PLAYER_GRANT_RANDOM_CIVIC', 1, 1);
INSERT OR IGNORE INTO ModifierArguments (ModifierId, Name, Value)
    VALUES ('MODIFIER_NW_STARLIGHT_GRANT_CIVIC_OWNER', 'Amount', '1');
INSERT OR IGNORE INTO Modifiers (ModifierId, ModifierType, SubjectRequirementSetId)
    VALUES ('MODIFIER_NW_STARLIGHT_GREATPERSON_ATTACH', 'MODIFIER_PLAYER_UNITS_ATTACH_MODIFIER', 'NW_UNIT_IS_GREAT_PERSON');
INSERT OR IGNORE INTO ModifierArguments (ModifierId, Name, Value)
    VALUES ('MODIFIER_NW_STARLIGHT_GREATPERSON_ATTACH', 'ModifierId', 'MODIFIER_NW_STARLIGHT_GRANT_CIVIC_OWNER');
INSERT OR IGNORE INTO Modifiers (ModifierId, ModifierType)
    VALUES ('MODIFIER_NW_STARLIGHT_CULTURE_PENALTY', 'MODIFIER_PLAYER_CITIES_ADJUST_CITY_YIELD_MODIFIER');
INSERT OR IGNORE INTO ModifierArguments (ModifierId, Name, Value)
    VALUES ('MODIFIER_NW_STARLIGHT_CULTURE_PENALTY', 'Amount', '-15');
INSERT OR IGNORE INTO ModifierArguments (ModifierId, Name, Value)
    VALUES ('MODIFIER_NW_STARLIGHT_CULTURE_PENALTY', 'YieldType', 'YIELD_CULTURE');

INSERT INTO Haikesi_Relic_Modifiers (RelicType, ModifierId) VALUES ('STARLIGHTSPLENDORRUNE', 'MODIFIER_NW_STARLIGHT_GREATPERSON_ATTACH');
INSERT INTO Haikesi_Relic_Modifiers (RelicType, ModifierId) VALUES ('STARLIGHTSPLENDORRUNE', 'MODIFIER_NW_STARLIGHT_CULTURE_PENALTY');

-- 炼狱导管 (INFERNALCONDUITRUNE): 工业区 +4 产能
INSERT OR IGNORE INTO Modifiers (ModifierId, ModifierType, SubjectRequirementSetId)
    VALUES ('MODIFIER_NW_INFERNAL_PRODUCTION', 'MODIFIER_PLAYER_DISTRICTS_ADJUST_YIELD_CHANGE', 'DISTRICT_IS_INDUSTRIAL_ZONE');
INSERT OR IGNORE INTO ModifierArguments (ModifierId, Name, Value)
    VALUES ('MODIFIER_NW_INFERNAL_PRODUCTION', 'Amount', '4');
INSERT OR IGNORE INTO ModifierArguments (ModifierId, Name, Value)
    VALUES ('MODIFIER_NW_INFERNAL_PRODUCTION', 'YieldType', 'YIELD_PRODUCTION');
INSERT INTO Haikesi_Relic_Modifiers (RelicType, ModifierId) VALUES ('INFERNALCONDUITRUNE', 'MODIFIER_NW_INFERNAL_PRODUCTION');

-- 扉八分钱 (EIGHTPENNYGATERUNE): 港口+4 金币、灯塔+3 金币
INSERT OR IGNORE INTO Modifiers (ModifierId, ModifierType, SubjectRequirementSetId)
    VALUES ('MODIFIER_NW_EIGHTPENNY_GOLD', 'MODIFIER_PLAYER_DISTRICTS_ADJUST_YIELD_CHANGE', 'DISTRICT_IS_HARBOR');
INSERT OR IGNORE INTO ModifierArguments (ModifierId, Name, Value)
    VALUES ('MODIFIER_NW_EIGHTPENNY_GOLD', 'Amount', '4');
INSERT OR IGNORE INTO ModifierArguments (ModifierId, Name, Value)
    VALUES ('MODIFIER_NW_EIGHTPENNY_GOLD', 'YieldType', 'YIELD_GOLD');
INSERT INTO Haikesi_Relic_Modifiers (RelicType, ModifierId) VALUES ('EIGHTPENNYGATERUNE', 'MODIFIER_NW_EIGHTPENNY_GOLD');

INSERT OR IGNORE INTO Modifiers (ModifierId, ModifierType) VALUES ('MODIFIER_NW_EIGHTPENNY_LIGHTHOUSE_GOLD', 'MODIFIER_PLAYER_CITIES_ADJUST_BUILDING_YIELD_CHANGE');
INSERT OR IGNORE INTO ModifierArguments (ModifierId, Name, Value) VALUES ('MODIFIER_NW_EIGHTPENNY_LIGHTHOUSE_GOLD', 'Amount', '3');
INSERT OR IGNORE INTO ModifierArguments (ModifierId, Name, Value) VALUES ('MODIFIER_NW_EIGHTPENNY_LIGHTHOUSE_GOLD', 'BuildingType', 'BUILDING_LIGHTHOUSE');
INSERT OR IGNORE INTO ModifierArguments (ModifierId, Name, Value) VALUES ('MODIFIER_NW_EIGHTPENNY_LIGHTHOUSE_GOLD', 'YieldType', 'YIELD_GOLD');
INSERT INTO Haikesi_Relic_Modifiers (RelicType, ModifierId) VALUES ('EIGHTPENNYGATERUNE', 'MODIFIER_NW_EIGHTPENNY_LIGHTHOUSE_GOLD');

-- 滋长 (GROWINGSTRONGERRUNE): +30% 食物增长率、每人口+0.3 生产力
INSERT OR IGNORE INTO Modifiers (ModifierId, ModifierType)
    VALUES ('MODIFIER_NW_GROWING_STRONGER_GROWTH', 'MODIFIER_PLAYER_CITIES_ADJUST_CITY_GROWTH');
INSERT OR IGNORE INTO ModifierArguments (ModifierId, Name, Value)
    VALUES ('MODIFIER_NW_GROWING_STRONGER_GROWTH', 'Amount', '30');
INSERT INTO Haikesi_Relic_Modifiers (RelicType, ModifierId) VALUES ('GROWINGSTRONGERRUNE', 'MODIFIER_NW_GROWING_STRONGER_GROWTH');

INSERT OR IGNORE INTO Modifiers (ModifierId, ModifierType)
    VALUES ('MODIFIER_NW_GROWING_STRONGER_PROD_PER_POP', 'MODIFIER_PLAYER_CITIES_ADJUST_CITY_YIELD_PER_POPULATION');
INSERT OR IGNORE INTO ModifierArguments (ModifierId, Name, Value)
    VALUES ('MODIFIER_NW_GROWING_STRONGER_PROD_PER_POP', 'Amount', '0.3');
INSERT OR IGNORE INTO ModifierArguments (ModifierId, Name, Value)
    VALUES ('MODIFIER_NW_GROWING_STRONGER_PROD_PER_POP', 'YieldType', 'YIELD_PRODUCTION');
INSERT INTO Haikesi_Relic_Modifiers (RelicType, ModifierId) VALUES ('GROWINGSTRONGERRUNE', 'MODIFIER_NW_GROWING_STRONGER_PROD_PER_POP');

-- 创世纪 (GENESISRUNE): 所有城市获得免费粮仓(含后续新城)
INSERT OR IGNORE INTO Modifiers (ModifierId, ModifierType, RunOnce, Permanent)
    VALUES ('MODIFIER_NW_GENESIS_GRANT_GRANARY_CITY', 'MODIFIER_SINGLE_CITY_GRANT_BUILDING_IN_CITY', 1, 1);
INSERT OR IGNORE INTO ModifierArguments (ModifierId, Name, Value)
    VALUES ('MODIFIER_NW_GENESIS_GRANT_GRANARY_CITY', 'BuildingType', 'BUILDING_GRANARY');

INSERT OR IGNORE INTO Modifiers (ModifierId, ModifierType)
    VALUES ('MODIFIER_NW_GENESIS_GRANT_GRANARY', 'MODIFIER_PLAYER_CITIES_ATTACH_MODIFIER');
INSERT OR IGNORE INTO ModifierArguments (ModifierId, Name, Value)
    VALUES ('MODIFIER_NW_GENESIS_GRANT_GRANARY', 'ModifierId', 'MODIFIER_NW_GENESIS_GRANT_GRANARY_CITY');
INSERT INTO Haikesi_Relic_Modifiers (RelicType, ModifierId) VALUES ('GENESISRUNE', 'MODIFIER_NW_GENESIS_GRANT_GRANARY');

-- 尤里卡 (EUREKARUNE): 尤里卡额外 +10% 科技(非黄金时代时)
INSERT OR IGNORE INTO Requirements (RequirementId, RequirementType, Inverse)
    VALUES ('NW_REQUIRES_NOT_GOLDEN_AGE', 'REQUIREMENT_PLAYER_HAS_GOLDEN_AGE', 1);
INSERT OR IGNORE INTO RequirementSets (RequirementSetId, RequirementSetType)
    VALUES ('NW_NOT_GOLDEN_AGE_REQUIREMENTS', 'REQUIREMENTSET_TEST_ALL');
INSERT OR IGNORE INTO RequirementSetRequirements (RequirementSetId, RequirementId)
    VALUES ('NW_NOT_GOLDEN_AGE_REQUIREMENTS', 'NW_REQUIRES_NOT_GOLDEN_AGE');

INSERT OR IGNORE INTO Modifiers (ModifierId, ModifierType, SubjectRequirementSetId)
    VALUES ('MODIFIER_NW_EUREKA_TECH_BOOST', 'MODIFIER_PLAYER_ADJUST_TECHNOLOGY_BOOST', 'NW_NOT_GOLDEN_AGE_REQUIREMENTS');
INSERT OR IGNORE INTO ModifierArguments (ModifierId, Name, Value)
    VALUES ('MODIFIER_NW_EUREKA_TECH_BOOST', 'Amount', '10');
INSERT INTO Haikesi_Relic_Modifiers (RelicType, ModifierId) VALUES ('EUREKARUNE', 'MODIFIER_NW_EUREKA_TECH_BOOST');

-- 歪打正着 (HAPPYACCIDENTRUNE): 启发额外 +10% 文化(非黄金时代时)
INSERT OR IGNORE INTO Modifiers (ModifierId, ModifierType, SubjectRequirementSetId)
    VALUES ('MODIFIER_NW_HAPPYACCIDENT_CIVIC_BOOST', 'MODIFIER_PLAYER_ADJUST_CIVIC_BOOST', 'NW_NOT_GOLDEN_AGE_REQUIREMENTS');
INSERT OR IGNORE INTO ModifierArguments (ModifierId, Name, Value)
    VALUES ('MODIFIER_NW_HAPPYACCIDENT_CIVIC_BOOST', 'Amount', '10');
INSERT INTO Haikesi_Relic_Modifiers (RelicType, ModifierId) VALUES ('HAPPYACCIDENTRUNE', 'MODIFIER_NW_HAPPYACCIDENT_CIVIC_BOOST');

-- 鬻贾 (SELLOFFRUNE): +4 贸易路线容量;商人购买+80%、训练-10% 生产力
INSERT OR IGNORE INTO Modifiers (ModifierId, ModifierType)
    VALUES ('MODIFIER_NW_SELLOFF_TRADE_CAPACITY', 'MODIFIER_PLAYER_ADJUST_TRADE_ROUTE_CAPACITY');
INSERT OR IGNORE INTO ModifierArguments (ModifierId, Name, Value)
    VALUES ('MODIFIER_NW_SELLOFF_TRADE_CAPACITY', 'Amount', '4');
INSERT INTO Haikesi_Relic_Modifiers (RelicType, ModifierId) VALUES ('SELLOFFRUNE', 'MODIFIER_NW_SELLOFF_TRADE_CAPACITY');

INSERT OR IGNORE INTO Modifiers (ModifierId, ModifierType)
    VALUES ('MODIFIER_NW_SELLOFF_TRADER_PURCHASE_COST', 'MODIFIER_PLAYER_CITIES_ADJUST_UNIT_PURCHASE_COST');
INSERT OR IGNORE INTO ModifierArguments (ModifierId, Name, Value)
    VALUES ('MODIFIER_NW_SELLOFF_TRADER_PURCHASE_COST', 'Amount', '-80');
INSERT OR IGNORE INTO ModifierArguments (ModifierId, Name, Value)
    VALUES ('MODIFIER_NW_SELLOFF_TRADER_PURCHASE_COST', 'UnitType', 'UNIT_TRADER');
INSERT INTO Haikesi_Relic_Modifiers (RelicType, ModifierId) VALUES ('SELLOFFRUNE', 'MODIFIER_NW_SELLOFF_TRADER_PURCHASE_COST');

INSERT OR IGNORE INTO Modifiers (ModifierId, ModifierType)
    VALUES ('MODIFIER_NW_SELLOFF_TRADER_PRODUCTION', 'MODIFIER_PLAYER_CITIES_ADJUST_UNIT_PRODUCTION');
INSERT OR IGNORE INTO ModifierArguments (ModifierId, Name, Value)
    VALUES ('MODIFIER_NW_SELLOFF_TRADER_PRODUCTION', 'Amount', '-10');
INSERT OR IGNORE INTO ModifierArguments (ModifierId, Name, Value)
    VALUES ('MODIFIER_NW_SELLOFF_TRADER_PRODUCTION', 'UnitType', 'UNIT_TRADER');
INSERT INTO Haikesi_Relic_Modifiers (RelicType, ModifierId) VALUES ('SELLOFFRUNE', 'MODIFIER_NW_SELLOFF_TRADER_PRODUCTION');

-- 夺金 (GOLDRENDRUNE): 国际贸易路线 +50% 金币
INSERT OR IGNORE INTO Modifiers (ModifierId, ModifierType)
    VALUES ('MODIFIER_NW_GOLDRENDER_TRADE_GOLD', 'MODIFIER_PLAYER_ADJUST_INTERNATIONAL_TRADE_ROUTE_YIELD_MODIFIER');
INSERT OR IGNORE INTO ModifierArguments (ModifierId, Name, Value)
    VALUES ('MODIFIER_NW_GOLDRENDER_TRADE_GOLD', 'Amount', '50');
INSERT OR IGNORE INTO ModifierArguments (ModifierId, Name, Value)
    VALUES ('MODIFIER_NW_GOLDRENDER_TRADE_GOLD', 'YieldType', 'YIELD_GOLD');
INSERT INTO Haikesi_Relic_Modifiers (RelicType, ModifierId) VALUES ('GOLDRENDRUNE', 'MODIFIER_NW_GOLDRENDER_TRADE_GOLD');

-- 科学怪人 (MADSCIENTISTRUNE): +2 大科学家点数/回合 + 招募大科学家时获得 1 项随机科技
INSERT OR IGNORE INTO Modifiers (ModifierId, ModifierType)
    VALUES ('MODIFIER_NW_MADSCIENTIST_GP', 'MODIFIER_PLAYER_ADJUST_GREAT_PERSON_POINTS');
INSERT OR IGNORE INTO ModifierArguments (ModifierId, Name, Value)
    VALUES ('MODIFIER_NW_MADSCIENTIST_GP', 'Amount', '2');
INSERT OR IGNORE INTO ModifierArguments (ModifierId, Name, Value)
    VALUES ('MODIFIER_NW_MADSCIENTIST_GP', 'GreatPersonClassType', 'GREAT_PERSON_CLASS_SCIENTIST');

INSERT OR IGNORE INTO RequirementSets (RequirementSetId, RequirementSetType)
    VALUES ('NW_MADSCIENTIST_IS_SCIENTIST_REQUIREMENTS', 'REQUIREMENTSET_TEST_ALL');
INSERT OR IGNORE INTO RequirementSetRequirements (RequirementSetId, RequirementId)
    VALUES ('NW_MADSCIENTIST_IS_SCIENTIST_REQUIREMENTS', 'NW_REQ_UNIT_IS_GP_SCIENTIST');

INSERT OR IGNORE INTO Modifiers (ModifierId, ModifierType, SubjectRequirementSetId)
    VALUES ('MODIFIER_NW_MADSCIENTIST_BOOST', 'MODIFIER_PLAYER_UNITS_ATTACH_MODIFIER', 'NW_MADSCIENTIST_IS_SCIENTIST_REQUIREMENTS');
INSERT OR IGNORE INTO ModifierArguments (ModifierId, Name, Value)
    VALUES ('MODIFIER_NW_MADSCIENTIST_BOOST', 'ModifierId', 'MODIFIER_NW_MADSCIENTIST_BOOST_M2');

INSERT INTO Modifiers (ModifierId, ModifierType, RunOnce, Permanent, NewOnly, OwnerRequirementSetId,
                       SubjectRequirementSetId)
VALUES ('MODIFIER_NW_MADSCIENTIST_BOOST_M2', 'MODIFIER_PLAYER_GRANT_RANDOM_TECHNOLOGY', 1, 1, 0, NULL, NULL);
INSERT INTO ModifierArguments (ModifierId, Name, Value)
VALUES ('MODIFIER_NW_MADSCIENTIST_BOOST_M2', 'Amount', '1');

INSERT INTO Haikesi_Relic_Modifiers (RelicType, ModifierId) VALUES ('MADSCIENTISTRUNE', 'MODIFIER_NW_MADSCIENTIST_GP');
INSERT INTO Haikesi_Relic_Modifiers (RelicType, ModifierId) VALUES ('MADSCIENTISTRUNE', 'MODIFIER_NW_MADSCIENTIST_BOOST');

-- 奇点AI (SINGULARITYAIRUNE): 获得当前争夺的大工程师 + 后续所有城市 -2% 生产力
INSERT OR IGNORE INTO Modifiers (ModifierId, ModifierType)
    VALUES ('MODIFIER_NW_SINGULARITY_GRANT_ENGINEER_IN_CITY', 'MODIFIER_SINGLE_CITY_GRANT_GREAT_PERSON_CLASS_IN_CITY');
INSERT OR IGNORE INTO ModifierArguments (ModifierId, Name, Value)
    VALUES ('MODIFIER_NW_SINGULARITY_GRANT_ENGINEER_IN_CITY', 'Amount', '1');
INSERT OR IGNORE INTO ModifierArguments (ModifierId, Name, Value)
    VALUES ('MODIFIER_NW_SINGULARITY_GRANT_ENGINEER_IN_CITY', 'GreatPersonClassType', 'GREAT_PERSON_CLASS_ENGINEER');

INSERT OR IGNORE INTO Modifiers (ModifierId, ModifierType, SubjectRequirementSetId)
    VALUES ('MODIFIER_NW_SINGULARITY_GRANT_ENGINEER', 'MODIFIER_PLAYER_CITIES_ATTACH_MODIFIER', 'NW_CITY_HAS_BUILDING_PALACE');
INSERT OR IGNORE INTO ModifierArguments (ModifierId, Name, Value)
    VALUES ('MODIFIER_NW_SINGULARITY_GRANT_ENGINEER', 'ModifierId', 'MODIFIER_NW_SINGULARITY_GRANT_ENGINEER_IN_CITY');

INSERT OR IGNORE INTO Modifiers (ModifierId, ModifierType)
    VALUES ('MODIFIER_NW_SINGULARITY_GP', 'MODIFIER_PLAYER_CITIES_ADJUST_CITY_YIELD_MODIFIER');
INSERT OR IGNORE INTO ModifierArguments (ModifierId, Name, Value)
    VALUES ('MODIFIER_NW_SINGULARITY_GP', 'Amount', '-2');
INSERT OR IGNORE INTO ModifierArguments (ModifierId, Name, Value)
    VALUES ('MODIFIER_NW_SINGULARITY_GP', 'YieldType', 'YIELD_PRODUCTION');

INSERT INTO Haikesi_Relic_Modifiers (RelicType, ModifierId) VALUES ('SINGULARITYAIRUNE', 'MODIFIER_NW_SINGULARITY_GRANT_ENGINEER');
INSERT INTO Haikesi_Relic_Modifiers (RelicType, ModifierId) VALUES ('SINGULARITYAIRUNE', 'MODIFIER_NW_SINGULARITY_GP');

-- 大地苏醒 (EARTHAWAKENSRUNE): 矿山 +1 产能
INSERT OR IGNORE INTO Modifiers (ModifierId, ModifierType, SubjectRequirementSetId)
    VALUES ('MODIFIER_NW_EARTHAWAKEN_MINE_PRODUCTION', 'MODIFIER_PLAYER_ADJUST_PLOT_YIELD', 'PLOT_HAS_MINE_REQUIREMENTS');
INSERT OR IGNORE INTO ModifierArguments (ModifierId, Name, Value)
    VALUES ('MODIFIER_NW_EARTHAWAKEN_MINE_PRODUCTION', 'Amount', '1');
INSERT OR IGNORE INTO ModifierArguments (ModifierId, Name, Value)
    VALUES ('MODIFIER_NW_EARTHAWAKEN_MINE_PRODUCTION', 'YieldType', 'YIELD_PRODUCTION');
INSERT INTO Haikesi_Relic_Modifiers (RelicType, ModifierId) VALUES ('EARTHAWAKENSRUNE', 'MODIFIER_NW_EARTHAWAKEN_MINE_PRODUCTION');

-- 返朴 (PRIMITIVEMADNESSRUNE): 建有纪念碑的市中心 +1 全部产出
INSERT OR IGNORE INTO Modifiers (ModifierId, ModifierType, SubjectRequirementSetId)
    VALUES ('MODIFIER_NW_PRIMITIVE_MONUMENT_ALL_YIELDS', 'MODIFIER_PLAYER_CITIES_ADJUST_CITY_ALL_YIELDS_CHANGE', 'NW_CITY_HAS_BUILDING_MONUMENT');
INSERT OR IGNORE INTO ModifierArguments (ModifierId, Name, Value)
    VALUES ('MODIFIER_NW_PRIMITIVE_MONUMENT_ALL_YIELDS', 'Amount', '1');

INSERT INTO Haikesi_Relic_Modifiers (RelicType, ModifierId) VALUES ('PRIMITIVEMADNESSRUNE', 'MODIFIER_NW_PRIMITIVE_MONUMENT_ALL_YIELDS');

-- 猎首 (KILLERHUNTERRUNE): 击杀敌军获其战斗力 150% 科技
INSERT OR IGNORE INTO Modifiers (ModifierId, ModifierType)
    VALUES ('MODIFIER_NW_KILLERHUNTER_KILL_SCIENCE', 'MODIFIER_PLAYER_UNITS_ADJUST_POST_COMBAT_YIELD');
INSERT OR IGNORE INTO ModifierArguments (ModifierId, Name, Value)
    VALUES ('MODIFIER_NW_KILLERHUNTER_KILL_SCIENCE', 'PercentDefeatedStrength', '150');
INSERT OR IGNORE INTO ModifierArguments (ModifierId, Name, Value)
    VALUES ('MODIFIER_NW_KILLERHUNTER_KILL_SCIENCE', 'YieldType', 'YIELD_SCIENCE');
INSERT INTO Haikesi_Relic_Modifiers (RelicType, ModifierId) VALUES ('KILLERHUNTERRUNE', 'MODIFIER_NW_KILLERHUNTER_KILL_SCIENCE');

-- 潦草急就 (HASTYSCRIBBLERUNE): 立刻获得当前争夺的大将军 + 清空金币
INSERT OR IGNORE INTO Modifiers (ModifierId, ModifierType)
    VALUES ('MODIFIER_NW_HASTYSCRIBBLE_GRANT_GENERAL_IN_CITY', 'MODIFIER_SINGLE_CITY_GRANT_GREAT_PERSON_CLASS_IN_CITY');
INSERT OR IGNORE INTO ModifierArguments (ModifierId, Name, Value)
    VALUES ('MODIFIER_NW_HASTYSCRIBBLE_GRANT_GENERAL_IN_CITY', 'Amount', '1');
INSERT OR IGNORE INTO ModifierArguments (ModifierId, Name, Value)
    VALUES ('MODIFIER_NW_HASTYSCRIBBLE_GRANT_GENERAL_IN_CITY', 'GreatPersonClassType', 'GREAT_PERSON_CLASS_GENERAL');

INSERT OR IGNORE INTO Modifiers (ModifierId, ModifierType, SubjectRequirementSetId)
    VALUES ('MODIFIER_NW_HASTYSCRIBBLE_GRANT_GENERAL', 'MODIFIER_PLAYER_CITIES_ATTACH_MODIFIER', 'NW_CITY_HAS_BUILDING_PALACE');
INSERT OR IGNORE INTO ModifierArguments (ModifierId, Name, Value)
    VALUES ('MODIFIER_NW_HASTYSCRIBBLE_GRANT_GENERAL', 'ModifierId', 'MODIFIER_NW_HASTYSCRIBBLE_GRANT_GENERAL_IN_CITY');

INSERT INTO Haikesi_Relic_Modifiers (RelicType, ModifierId) VALUES ('HASTYSCRIBBLERUNE', 'MODIFIER_NW_HASTYSCRIBBLE_GRANT_GENERAL');

-- 慢炖 (SLOWCOOKRUNE): 农场 +1 食物;粮仓建造速度 +100%
INSERT OR IGNORE INTO Modifiers (ModifierId, ModifierType, SubjectRequirementSetId)
    VALUES ('MODIFIER_NW_SLOWCOOK_FARM_FOOD', 'MODIFIER_PLAYER_ADJUST_PLOT_YIELD', 'PLOT_HAS_FARM_REQUIREMENTS');
INSERT OR IGNORE INTO ModifierArguments (ModifierId, Name, Value) VALUES ('MODIFIER_NW_SLOWCOOK_FARM_FOOD', 'Amount', '1');
INSERT OR IGNORE INTO ModifierArguments (ModifierId, Name, Value) VALUES ('MODIFIER_NW_SLOWCOOK_FARM_FOOD', 'YieldType', 'YIELD_FOOD');

INSERT OR IGNORE INTO Modifiers (ModifierId, ModifierType)
    VALUES ('MODIFIER_NW_SLOWCOOK_GRANARY_SPEED', 'MODIFIER_PLAYER_CITIES_ADJUST_BUILDING_PRODUCTION');
INSERT OR IGNORE INTO ModifierArguments (ModifierId, Name, Value) VALUES ('MODIFIER_NW_SLOWCOOK_GRANARY_SPEED', 'Amount', '100');
INSERT OR IGNORE INTO ModifierArguments (ModifierId, Name, Value) VALUES ('MODIFIER_NW_SLOWCOOK_GRANARY_SPEED', 'BuildingType', 'BUILDING_GRANARY');

INSERT INTO Haikesi_Relic_Modifiers (RelicType, ModifierId) VALUES ('SLOWCOOKRUNE', 'MODIFIER_NW_SLOWCOOK_FARM_FOOD');
INSERT INTO Haikesi_Relic_Modifiers (RelicType, ModifierId) VALUES ('SLOWCOOKRUNE', 'MODIFIER_NW_SLOWCOOK_GRANARY_SPEED');

-- 移动房车 (MOBILEHOMERUNE): 所有城市第一个特色区域 +120% 生产力
INSERT OR IGNORE INTO Modifiers (ModifierId, ModifierType, SubjectRequirementSetId)
    VALUES ('MODIFIER_NW_MOBILEHOME_FIRST_DISTRICT_CITY', 'MODIFIER_SINGLE_CITY_ADJUST_DISTRICT_PRODUCTION_MODIFIER', 'CITY_HAS_0_SPECIALTY_DISTRICTS_REQUIREMENTS');
INSERT OR IGNORE INTO ModifierArguments (ModifierId, Name, Value) VALUES ('MODIFIER_NW_MOBILEHOME_FIRST_DISTRICT_CITY', 'Amount', '120');

INSERT OR IGNORE INTO Modifiers (ModifierId, ModifierType)
    VALUES ('MODIFIER_NW_MOBILEHOME_FIRST_DISTRICT', 'MODIFIER_PLAYER_CITIES_ATTACH_MODIFIER');
INSERT OR IGNORE INTO ModifierArguments (ModifierId, Name, Value) VALUES ('MODIFIER_NW_MOBILEHOME_FIRST_DISTRICT', 'ModifierId', 'MODIFIER_NW_MOBILEHOME_FIRST_DISTRICT_CITY');

INSERT INTO Haikesi_Relic_Modifiers (RelicType, ModifierId) VALUES ('MOBILEHOMERUNE', 'MODIFIER_NW_MOBILEHOME_FIRST_DISTRICT');

-- 心胜于物 (MINDOVERMATTERRUNE): 6 类伟人 +2 点数/回合(不含大将军、大海军、大预言家)
INSERT OR IGNORE INTO Modifiers (ModifierId, ModifierType) VALUES ('MODIFIER_NW_MINDOVERMATTER_GP_SCIENTIST', 'MODIFIER_PLAYER_ADJUST_GREAT_PERSON_POINTS');
INSERT OR IGNORE INTO ModifierArguments (ModifierId, Name, Value) VALUES ('MODIFIER_NW_MINDOVERMATTER_GP_SCIENTIST', 'Amount', '2');
INSERT OR IGNORE INTO ModifierArguments (ModifierId, Name, Value) VALUES ('MODIFIER_NW_MINDOVERMATTER_GP_SCIENTIST', 'GreatPersonClassType', 'GREAT_PERSON_CLASS_SCIENTIST');

INSERT OR IGNORE INTO Modifiers (ModifierId, ModifierType) VALUES ('MODIFIER_NW_MINDOVERMATTER_GP_MERCHANT', 'MODIFIER_PLAYER_ADJUST_GREAT_PERSON_POINTS');
INSERT OR IGNORE INTO ModifierArguments (ModifierId, Name, Value) VALUES ('MODIFIER_NW_MINDOVERMATTER_GP_MERCHANT', 'Amount', '2');
INSERT OR IGNORE INTO ModifierArguments (ModifierId, Name, Value) VALUES ('MODIFIER_NW_MINDOVERMATTER_GP_MERCHANT', 'GreatPersonClassType', 'GREAT_PERSON_CLASS_MERCHANT');

INSERT OR IGNORE INTO Modifiers (ModifierId, ModifierType) VALUES ('MODIFIER_NW_MINDOVERMATTER_GP_ENGINEER', 'MODIFIER_PLAYER_ADJUST_GREAT_PERSON_POINTS');
INSERT OR IGNORE INTO ModifierArguments (ModifierId, Name, Value) VALUES ('MODIFIER_NW_MINDOVERMATTER_GP_ENGINEER', 'Amount', '2');
INSERT OR IGNORE INTO ModifierArguments (ModifierId, Name, Value) VALUES ('MODIFIER_NW_MINDOVERMATTER_GP_ENGINEER', 'GreatPersonClassType', 'GREAT_PERSON_CLASS_ENGINEER');

INSERT OR IGNORE INTO Modifiers (ModifierId, ModifierType) VALUES ('MODIFIER_NW_MINDOVERMATTER_GP_WRITER', 'MODIFIER_PLAYER_ADJUST_GREAT_PERSON_POINTS');
INSERT OR IGNORE INTO ModifierArguments (ModifierId, Name, Value) VALUES ('MODIFIER_NW_MINDOVERMATTER_GP_WRITER', 'Amount', '2');
INSERT OR IGNORE INTO ModifierArguments (ModifierId, Name, Value) VALUES ('MODIFIER_NW_MINDOVERMATTER_GP_WRITER', 'GreatPersonClassType', 'GREAT_PERSON_CLASS_WRITER');

INSERT OR IGNORE INTO Modifiers (ModifierId, ModifierType) VALUES ('MODIFIER_NW_MINDOVERMATTER_GP_ARTIST', 'MODIFIER_PLAYER_ADJUST_GREAT_PERSON_POINTS');
INSERT OR IGNORE INTO ModifierArguments (ModifierId, Name, Value) VALUES ('MODIFIER_NW_MINDOVERMATTER_GP_ARTIST', 'Amount', '2');
INSERT OR IGNORE INTO ModifierArguments (ModifierId, Name, Value) VALUES ('MODIFIER_NW_MINDOVERMATTER_GP_ARTIST', 'GreatPersonClassType', 'GREAT_PERSON_CLASS_ARTIST');

INSERT OR IGNORE INTO Modifiers (ModifierId, ModifierType) VALUES ('MODIFIER_NW_MINDOVERMATTER_GP_MUSICIAN', 'MODIFIER_PLAYER_ADJUST_GREAT_PERSON_POINTS');
INSERT OR IGNORE INTO ModifierArguments (ModifierId, Name, Value) VALUES ('MODIFIER_NW_MINDOVERMATTER_GP_MUSICIAN', 'Amount', '2');
INSERT OR IGNORE INTO ModifierArguments (ModifierId, Name, Value) VALUES ('MODIFIER_NW_MINDOVERMATTER_GP_MUSICIAN', 'GreatPersonClassType', 'GREAT_PERSON_CLASS_MUSICIAN');

INSERT INTO Haikesi_Relic_Modifiers (RelicType, ModifierId) VALUES ('MINDOVERMATTERRUNE', 'MODIFIER_NW_MINDOVERMATTER_GP_SCIENTIST');
INSERT INTO Haikesi_Relic_Modifiers (RelicType, ModifierId) VALUES ('MINDOVERMATTERRUNE', 'MODIFIER_NW_MINDOVERMATTER_GP_MERCHANT');
INSERT INTO Haikesi_Relic_Modifiers (RelicType, ModifierId) VALUES ('MINDOVERMATTERRUNE', 'MODIFIER_NW_MINDOVERMATTER_GP_ENGINEER');
INSERT INTO Haikesi_Relic_Modifiers (RelicType, ModifierId) VALUES ('MINDOVERMATTERRUNE', 'MODIFIER_NW_MINDOVERMATTER_GP_WRITER');
INSERT INTO Haikesi_Relic_Modifiers (RelicType, ModifierId) VALUES ('MINDOVERMATTERRUNE', 'MODIFIER_NW_MINDOVERMATTER_GP_ARTIST');
INSERT INTO Haikesi_Relic_Modifiers (RelicType, ModifierId) VALUES ('MINDOVERMATTERRUNE', 'MODIFIER_NW_MINDOVERMATTER_GP_MUSICIAN');

-- 尊我为王 (HAILTOTHEKINGRUNE): 立即获得 3 个总督头衔
INSERT OR IGNORE INTO Modifiers (ModifierId, ModifierType, RunOnce, Permanent)
    VALUES ('MODIFIER_NW_HAILTOTHEKING_GOVERNOR_TITLES', 'MODIFIER_PLAYER_ADJUST_GOVERNOR_POINTS', 1, 1);
INSERT OR IGNORE INTO ModifierArguments (ModifierId, Name, Value) VALUES ('MODIFIER_NW_HAILTOTHEKING_GOVERNOR_TITLES', 'Delta', '3');

INSERT INTO Haikesi_Relic_Modifiers (RelicType, ModifierId) VALUES ('HAILTOTHEKINGRUNE', 'MODIFIER_NW_HAILTOTHEKING_GOVERNOR_TITLES');

-- 无限循环往复 (INFINITELOOPRUNE): 所有城市每人口 +1 金币;10 人口以上翻倍(总 +2)
INSERT OR IGNORE INTO Modifiers (ModifierId, ModifierType)
    VALUES ('MODIFIER_NW_INFINITELOOP_GOLD_PER_POP_T1', 'MODIFIER_PLAYER_CITIES_ADJUST_CITY_YIELD_PER_POPULATION');
INSERT OR IGNORE INTO ModifierArguments (ModifierId, Name, Value) VALUES ('MODIFIER_NW_INFINITELOOP_GOLD_PER_POP_T1', 'Amount', '1');
INSERT OR IGNORE INTO ModifierArguments (ModifierId, Name, Value) VALUES ('MODIFIER_NW_INFINITELOOP_GOLD_PER_POP_T1', 'YieldType', 'YIELD_GOLD');

INSERT OR IGNORE INTO Modifiers (ModifierId, ModifierType)
    VALUES ('MODIFIER_NW_INFINITELOOP_GOLD_PER_POP_T2_CITY', 'MODIFIER_SINGLE_CITY_ADJUST_CITY_YIELD_PER_POPULATION');
INSERT OR IGNORE INTO ModifierArguments (ModifierId, Name, Value) VALUES ('MODIFIER_NW_INFINITELOOP_GOLD_PER_POP_T2_CITY', 'Amount', '1');
INSERT OR IGNORE INTO ModifierArguments (ModifierId, Name, Value) VALUES ('MODIFIER_NW_INFINITELOOP_GOLD_PER_POP_T2_CITY', 'YieldType', 'YIELD_GOLD');

INSERT OR IGNORE INTO Requirements (RequirementId, RequirementType)
    VALUES ('NW_REQUIRES_CITY_POPULATION_10', 'REQUIREMENT_CITY_HAS_X_POPULATION');
INSERT OR IGNORE INTO RequirementArguments (RequirementId, Name, Value)
    VALUES ('NW_REQUIRES_CITY_POPULATION_10', 'Amount', '10');
INSERT OR IGNORE INTO RequirementSets (RequirementSetId, RequirementSetType)
    VALUES ('NW_CITY_POPULATION_10_REQUIREMENTS', 'REQUIREMENTSET_TEST_ALL');
INSERT OR IGNORE INTO RequirementSetRequirements (RequirementSetId, RequirementId)
    VALUES ('NW_CITY_POPULATION_10_REQUIREMENTS', 'NW_REQUIRES_CITY_POPULATION_10');

INSERT OR IGNORE INTO Modifiers (ModifierId, ModifierType, SubjectRequirementSetId)
    VALUES ('MODIFIER_NW_INFINITELOOP_GOLD_PER_POP_T2', 'MODIFIER_PLAYER_CITIES_ATTACH_MODIFIER', 'NW_CITY_POPULATION_10_REQUIREMENTS');
INSERT OR IGNORE INTO ModifierArguments (ModifierId, Name, Value)
    VALUES ('MODIFIER_NW_INFINITELOOP_GOLD_PER_POP_T2', 'ModifierId', 'MODIFIER_NW_INFINITELOOP_GOLD_PER_POP_T2_CITY');

INSERT INTO Haikesi_Relic_Modifiers (RelicType, ModifierId) VALUES ('INFINITELOOPRUNE', 'MODIFIER_NW_INFINITELOOP_GOLD_PER_POP_T1');
INSERT INTO Haikesi_Relic_Modifiers (RelicType, ModifierId) VALUES ('INFINITELOOPRUNE', 'MODIFIER_NW_INFINITELOOP_GOLD_PER_POP_T2');

-- 充能球相生 (ORBSYMBIOSISRUNE): 招募伟人时返还 35% 已花费的伟人点数
INSERT OR IGNORE INTO Modifiers (ModifierId, ModifierType)
    VALUES ('MODIFIER_NW_ORBSYMBIOSIS_GP_REFUND', 'MODIFIER_PLAYER_ADJUST_GREAT_PERSON_POINTS_REFUND_PERCENT');
INSERT OR IGNORE INTO ModifierArguments (ModifierId, Name, Value) VALUES ('MODIFIER_NW_ORBSYMBIOSIS_GP_REFUND', 'Amount', '35');

INSERT INTO Haikesi_Relic_Modifiers (RelicType, ModifierId) VALUES ('ORBSYMBIOSISRUNE', 'MODIFIER_NW_ORBSYMBIOSIS_GP_REFUND');

INSERT OR IGNORE INTO Types (Type, Kind) VALUES
    ('UNIT_NW_COSPLAY_MIMIC',            'KIND_UNIT'),
    ('ABILITY_NW_COSPLAY_MIMIC',         'KIND_ABILITY'),
    ('PROMOTION_CLASS_NW_COSPLAY_MIMIC', 'KIND_PROMOTION_CLASS'),
    ('PROMOTION_NW_COSPLAY_MIMIC_C1',    'KIND_PROMOTION'),
    ('PROMOTION_NW_COSPLAY_MIMIC_C2',    'KIND_PROMOTION');

INSERT OR IGNORE INTO Tags (Tag, Vocabulary) VALUES
    ('CLASS_NW_COSPLAY_MIMIC', 'ABILITY_CLASS');

INSERT OR IGNORE INTO TypeTags (Type, Tag) VALUES
    ('UNIT_NW_COSPLAY_MIMIC',    'CLASS_NW_COSPLAY_MIMIC'),
    ('UNIT_NW_COSPLAY_MIMIC',    'CLASS_ALL_ERAS'),
    ('ABILITY_NW_COSPLAY_MIMIC', 'CLASS_NW_COSPLAY_MIMIC');

INSERT OR IGNORE INTO Units (
    UnitType, Name, Description,
    BaseMoves, Cost, BuildCharges, AdvisorType,
    Combat, BaseSightRange, ZoneOfControl,
    Domain, FormationClass, PromotionClass,
    Maintenance, MustPurchase, UseMaxMeleeTrainedStrength
) VALUES (
    'UNIT_NW_COSPLAY_MIMIC',
    'LOC_UNIT_NW_COSPLAY_MIMIC_NAME',
    'LOC_UNIT_NW_COSPLAY_MIMIC_DESCRIPTION',
    3, 0, 0, 'ADVISOR_CONQUEST',
    10, 2, 1,
    'DOMAIN_LAND', 'FORMATION_CLASS_LAND_COMBAT', 'PROMOTION_CLASS_NW_COSPLAY_MIMIC',
    0, 1, 1
);

INSERT OR IGNORE INTO Units_XP2 (UnitType, CanFormMilitaryFormation) VALUES
    ('UNIT_NW_COSPLAY_MIMIC', 0);

INSERT OR IGNORE INTO UnitAbilities (UnitAbilityType, Name, Description, Inactive) VALUES
    ('ABILITY_NW_COSPLAY_MIMIC',
     'LOC_UNIT_NW_COSPLAY_MIMIC_NAME',
     'LOC_ABILITY_NW_COSPLAY_MIMIC_DESCRIPTION', 0);

INSERT OR IGNORE INTO Modifiers (ModifierId, ModifierType, SubjectRequirementSetId) VALUES
    ('MODIFIER_NW_COSPLAY_ATTACK_PENALTY', 'MODIFIER_UNIT_ADJUST_COMBAT_STRENGTH', 'NW_GLASSCANNON_ATTACK_REQUIREMENTS'),
    ('MODIFIER_NW_COSPLAY_DEFEND_PENALTY', 'MODIFIER_UNIT_ADJUST_COMBAT_STRENGTH', 'NW_GLASSCANNON_DEFEND_REQUIREMENTS');
INSERT OR IGNORE INTO ModifierArguments (ModifierId, Name, Value) VALUES
    ('MODIFIER_NW_COSPLAY_ATTACK_PENALTY', 'Amount', '-5'),
    ('MODIFIER_NW_COSPLAY_DEFEND_PENALTY', 'Amount', '-10');
INSERT OR IGNORE INTO ModifierStrings (ModifierId, Context, Text) VALUES
    ('MODIFIER_NW_COSPLAY_ATTACK_PENALTY', 'Preview', '{1_Amount} 仿生战士攻击战斗力减益'),
    ('MODIFIER_NW_COSPLAY_DEFEND_PENALTY', 'Preview', '{1_Amount} 仿生战士防御战斗力减益');
INSERT OR IGNORE INTO UnitAbilityModifiers (UnitAbilityType, ModifierId) VALUES
    ('ABILITY_NW_COSPLAY_MIMIC', 'MODIFIER_NW_COSPLAY_ATTACK_PENALTY'),
    ('ABILITY_NW_COSPLAY_MIMIC', 'MODIFIER_NW_COSPLAY_DEFEND_PENALTY');

INSERT OR IGNORE INTO UnitPromotionClasses (PromotionClassType, Name) VALUES
    ('PROMOTION_CLASS_NW_COSPLAY_MIMIC', 'LOC_UNIT_NW_COSPLAY_MIMIC_NAME');

INSERT OR IGNORE INTO UnitPromotions
    (UnitPromotionType, Name, Description, Level, Specialization, Column, PromotionClass) VALUES
    ('PROMOTION_NW_COSPLAY_MIMIC_C1',
     'LOC_PROMOTION_NW_COSPLAY_MIMIC_C1_NAME',
     'LOC_PROMOTION_NW_COSPLAY_MIMIC_C1_DESCRIPTION',
     1, null, 2, 'PROMOTION_CLASS_NW_COSPLAY_MIMIC'),
    ('PROMOTION_NW_COSPLAY_MIMIC_C2',
     'LOC_PROMOTION_NW_COSPLAY_MIMIC_C2_NAME',
     'LOC_PROMOTION_NW_COSPLAY_MIMIC_C2_DESCRIPTION',
     2, null, 2, 'PROMOTION_CLASS_NW_COSPLAY_MIMIC');

INSERT OR IGNORE INTO UnitPromotionPrereqs (UnitPromotion, PrereqUnitPromotion) VALUES
    ('PROMOTION_NW_COSPLAY_MIMIC_C2', 'PROMOTION_NW_COSPLAY_MIMIC_C1');

INSERT OR IGNORE INTO Modifiers (ModifierId, ModifierType, RunOnce, Permanent, NewOnly) VALUES
    ('MODIFIER_NW_COSPLAY_C1_GRANT_GOLD', 'MODIFIER_PLAYER_GRANT_YIELD', 1, 1, 0);
INSERT OR IGNORE INTO ModifierArguments (ModifierId, Name, Value) VALUES
    ('MODIFIER_NW_COSPLAY_C1_GRANT_GOLD', 'YieldType', 'YIELD_GOLD'),
    ('MODIFIER_NW_COSPLAY_C1_GRANT_GOLD', 'Amount',    '50'),
    ('MODIFIER_NW_COSPLAY_C1_GRANT_GOLD', 'Scale',     'true');

INSERT OR IGNORE INTO Modifiers (ModifierId, ModifierType, SubjectRequirementSetId) VALUES
    ('MODIFIER_NW_COSPLAY_C1_DEFEND_STRENGTH', 'MODIFIER_UNIT_ADJUST_COMBAT_STRENGTH', 'NW_GLASSCANNON_DEFEND_REQUIREMENTS');
INSERT OR IGNORE INTO ModifierArguments (ModifierId, Name, Value) VALUES
    ('MODIFIER_NW_COSPLAY_C1_DEFEND_STRENGTH', 'Amount', '5');

INSERT OR IGNORE INTO ModifierStrings (ModifierId, Context, Text) VALUES
    ('MODIFIER_NW_COSPLAY_C1_DEFEND_STRENGTH', 'Preview', '+{1_Amount} 形似防御战斗力增益');

INSERT OR IGNORE INTO UnitPromotionModifiers (UnitPromotionType, ModifierId) VALUES
    ('PROMOTION_NW_COSPLAY_MIMIC_C1', 'MODIFIER_NW_COSPLAY_C1_GRANT_GOLD'),
    ('PROMOTION_NW_COSPLAY_MIMIC_C1', 'MODIFIER_NW_COSPLAY_C1_DEFEND_STRENGTH');

INSERT OR IGNORE INTO Modifiers
    (ModifierId, ModifierType, RunOnce, Permanent, NewOnly, SubjectStackLimit) VALUES
    ('MODIFIER_NW_COSPLAY_C2_GRANT_REPLICA',
     'MODIFIER_SINGLE_CITY_GRANT_UNIT_IN_NEAREST_CITY', 1, 1, 0, 1);
INSERT OR IGNORE INTO ModifierArguments (ModifierId, Name, Value) VALUES
    ('MODIFIER_NW_COSPLAY_C2_GRANT_REPLICA', 'UnitType',            'UNIT_NW_COSPLAY_MIMIC'),
    ('MODIFIER_NW_COSPLAY_C2_GRANT_REPLICA', 'Amount',              '3'),
    ('MODIFIER_NW_COSPLAY_C2_GRANT_REPLICA', 'AllowUniqueOverride', 'false');

INSERT OR IGNORE INTO UnitPromotionModifiers (UnitPromotionType, ModifierId) VALUES
    ('PROMOTION_NW_COSPLAY_MIMIC_C2', 'MODIFIER_NW_COSPLAY_C2_GRANT_REPLICA');

-- COSPLAY (COSPLAYRUNE): 首都赠 1 仿生战士;最终升级时再赠 3 个
INSERT OR IGNORE INTO Modifiers
    (ModifierId, ModifierType, RunOnce, Permanent, NewOnly, SubjectStackLimit) VALUES
    ('MODIFIER_NW_COSPLAY_GRANT_INITIAL_UNIT_EFFECT',
     'MODIFIER_SINGLE_CITY_GRANT_UNIT_IN_CITY', 1, 1, 0, 1);
INSERT OR IGNORE INTO ModifierArguments (ModifierId, Name, Value) VALUES
    ('MODIFIER_NW_COSPLAY_GRANT_INITIAL_UNIT_EFFECT', 'UnitType',            'UNIT_NW_COSPLAY_MIMIC'),
    ('MODIFIER_NW_COSPLAY_GRANT_INITIAL_UNIT_EFFECT', 'Amount',              '1'),
    ('MODIFIER_NW_COSPLAY_GRANT_INITIAL_UNIT_EFFECT', 'AllowUniqueOverride', 'false');

INSERT OR IGNORE INTO Modifiers
    (ModifierId, ModifierType, SubjectRequirementSetId, SubjectStackLimit) VALUES
    ('MODIFIER_NW_COSPLAY_GRANT_INITIAL_UNIT',
     'MODIFIER_PLAYER_CITIES_ATTACH_MODIFIER', 'NW_CITY_HAS_BUILDING_PALACE', 1);
INSERT OR IGNORE INTO ModifierArguments (ModifierId, Name, Value) VALUES
    ('MODIFIER_NW_COSPLAY_GRANT_INITIAL_UNIT', 'ModifierId', 'MODIFIER_NW_COSPLAY_GRANT_INITIAL_UNIT_EFFECT');

INSERT INTO Haikesi_Relic_Modifiers (RelicType, ModifierId) VALUES ('COSPLAYRUNE', 'MODIFIER_NW_COSPLAY_GRANT_INITIAL_UNIT');

-- 仿生模仿 (MIMICRUNE): 空 Marker - 标记非占位 + set PROPERTY_NW_HAIKESI_MIMIC=1 标记已触发能力选择
-- 实际效果由 Haikesi_ApplyLuaEffect 的 MIMICRUNE 分支处理（Gameplay 层抽10项能力 + 弹独立选择UI）
INSERT OR IGNORE INTO Modifiers (ModifierId, ModifierType)
    VALUES ('MODIFIER_NW_MIMIC_MARKER', 'MODIFIER_PLAYER_ADJUST_PROPERTY');
INSERT OR IGNORE INTO ModifierArguments (ModifierId, Name, Value) VALUES
    ('MODIFIER_NW_MIMIC_MARKER', 'Key',    'PROPERTY_NW_HAIKESI_MIMIC'),
    ('MODIFIER_NW_MIMIC_MARKER', 'Amount', 1);
INSERT INTO Haikesi_Relic_Modifiers (RelicType, ModifierId) VALUES ('MIMICRUNE', 'MODIFIER_NW_MIMIC_MARKER');

-- 三角贸易 (TRIANGULARTRADERUNE): Marker + 人口转移见 Lua；同盟商路双方产出见下方 Modifier（银行汇票同款 API）
INSERT OR IGNORE INTO Modifiers (ModifierId, ModifierType)
    VALUES ('MODIFIER_NW_TRIANGULAR_TRADE_MARKER', 'MODIFIER_PLAYER_ADJUST_PROPERTY');
INSERT OR IGNORE INTO ModifierArguments (ModifierId, Name, Value) VALUES
    ('MODIFIER_NW_TRIANGULAR_TRADE_MARKER', 'Key',    'PROPERTY_NW_HAIKESI_TRIANGULAR_TRADE'),
    ('MODIFIER_NW_TRIANGULAR_TRADE_MARKER', 'Amount', 1);

-- 通往同盟的商路：出发城 +2 生产力 / 到达城 +4 金币（商路面板可见）
INSERT OR IGNORE INTO Modifiers (ModifierId, ModifierType)
    VALUES ('MODIFIER_NW_TRIANGULAR_TRADE_ALLY_ORIGIN_PROD', 'MODIFIER_PLAYER_ADJUST_TRADE_ROUTE_ORIGIN_YIELD_FOR_ALLY_ROUTE');
INSERT OR IGNORE INTO ModifierArguments (ModifierId, Name, Value) VALUES
    ('MODIFIER_NW_TRIANGULAR_TRADE_ALLY_ORIGIN_PROD', 'YieldType', 'YIELD_PRODUCTION'),
    ('MODIFIER_NW_TRIANGULAR_TRADE_ALLY_ORIGIN_PROD', 'Amount',    '2');

INSERT OR IGNORE INTO Modifiers (ModifierId, ModifierType)
    VALUES ('MODIFIER_NW_TRIANGULAR_TRADE_ALLY_DEST_GOLD', 'MODIFIER_PLAYER_ADJUST_TRADE_ROUTE_DESTINATION_YIELD_FOR_ALLY_ROUTE');
INSERT OR IGNORE INTO ModifierArguments (ModifierId, Name, Value) VALUES
    ('MODIFIER_NW_TRIANGULAR_TRADE_ALLY_DEST_GOLD', 'YieldType', 'YIELD_GOLD'),
    ('MODIFIER_NW_TRIANGULAR_TRADE_ALLY_DEST_GOLD', 'Amount',    '4');

-- 通往宗主国城邦的商路：同上（银行汇票同款 Suzerain API）
INSERT OR IGNORE INTO Modifiers (ModifierId, ModifierType)
    VALUES ('MODIFIER_NW_TRIANGULAR_TRADE_SUZ_ORIGIN_PROD', 'MODIFIER_PLAYER_ADJUST_TRADE_ROUTE_ORIGIN_YIELD_FOR_SUZERAIN_ROUTE');
INSERT OR IGNORE INTO ModifierArguments (modifierId, Name, Value) VALUES
    ('MODIFIER_NW_TRIANGULAR_TRADE_SUZ_ORIGIN_PROD', 'YieldType', 'YIELD_PRODUCTION'),
    ('MODIFIER_NW_TRIANGULAR_TRADE_SUZ_ORIGIN_PROD', 'Amount',    '2');

INSERT OR IGNORE INTO Modifiers (ModifierId, ModifierType)
    VALUES ('MODIFIER_NW_TRIANGULAR_TRADE_SUZ_DEST_GOLD', 'MODIFIER_PLAYER_ADJUST_TRADE_ROUTE_DESTINATION_YIELD_FOR_SUZERAIN_ROUTE');
INSERT OR IGNORE INTO ModifierArguments (ModifierId, Name, Value) VALUES
    ('MODIFIER_NW_TRIANGULAR_TRADE_SUZ_DEST_GOLD', 'YieldType', 'YIELD_GOLD'),
    ('MODIFIER_NW_TRIANGULAR_TRADE_SUZ_DEST_GOLD', 'Amount',    '4');

INSERT INTO Haikesi_Relic_Modifiers (RelicType, ModifierId) VALUES
    ('TRIANGULARTRADERUNE', 'MODIFIER_NW_TRIANGULAR_TRADE_MARKER'),
    ('TRIANGULARTRADERUNE', 'MODIFIER_NW_TRIANGULAR_TRADE_ALLY_ORIGIN_PROD'),
    ('TRIANGULARTRADERUNE', 'MODIFIER_NW_TRIANGULAR_TRADE_ALLY_DEST_GOLD'),
    ('TRIANGULARTRADERUNE', 'MODIFIER_NW_TRIANGULAR_TRADE_SUZ_ORIGIN_PROD'),
    ('TRIANGULARTRADERUNE', 'MODIFIER_NW_TRIANGULAR_TRADE_SUZ_DEST_GOLD');

-- 礁石船坞 (DRAWYOURSWORDRUNE): 皇家海军船坞可建在礁石上;建成赠 1 个 +1 移动力四段帆船
INSERT OR IGNORE INTO Modifiers (ModifierId, ModifierType)
    VALUES ('MODIFIER_NW_DOCKYARDREEF_VALID_REEF', 'MODIFIER_PLAYER_CITIES_ADJUST_VALID_FEATURES_DISTRICTS');
INSERT OR IGNORE INTO ModifierArguments (ModifierId, Name, Value) VALUES
    ('MODIFIER_NW_DOCKYARDREEF_VALID_REEF', 'DistrictType', 'DISTRICT_ROYAL_NAVY_DOCKYARD'),
    ('MODIFIER_NW_DOCKYARDREEF_VALID_REEF', 'FeatureType',  'FEATURE_REEF');

INSERT OR IGNORE INTO Modifiers (ModifierId, ModifierType) VALUES ('MODIFIER_NW_DOCKYARDREEF_FRIGATE_MOVE', 'MODIFIER_PLAYER_UNIT_ADJUST_SEA_MOVEMENT');
INSERT OR IGNORE INTO ModifierArguments (ModifierId, Name, Value) VALUES ('MODIFIER_NW_DOCKYARDREEF_FRIGATE_MOVE', 'Amount', '1');

INSERT OR IGNORE INTO Modifiers (ModifierId, ModifierType, RunOnce, Permanent) VALUES
    ('MODIFIER_NW_DOCKYARDREEF_GRANT_FRIGATE', 'MODIFIER_PLAYER_GRANT_UNIT_OF_ABILITY_WITH_MODIFIER', 1, 1);
INSERT OR IGNORE INTO ModifierArguments (ModifierId, Name, Value) VALUES
    ('MODIFIER_NW_DOCKYARDREEF_GRANT_FRIGATE', 'UnitPromotionClassType', 'PROMOTION_CLASS_NAVAL_RANGED'),
    ('MODIFIER_NW_DOCKYARDREEF_GRANT_FRIGATE', 'ModifierId',             'MODIFIER_NW_DOCKYARDREEF_FRIGATE_MOVE');

INSERT OR IGNORE INTO Modifiers (ModifierId, ModifierType, SubjectRequirementSetId) VALUES
    ('MODIFIER_NW_DOCKYARDREEF_GRANT_FRIGATE_ATTACH', 'MODIFIER_NW_PLAYER_DISTRICTS_ATTACH_MODIFIER', 'NW_DISTRICT_IS_DISTRICT_ROYAL_NAVY_DOCKYARD');
INSERT OR IGNORE INTO ModifierArguments (ModifierId, Name, Value) VALUES
    ('MODIFIER_NW_DOCKYARDREEF_GRANT_FRIGATE_ATTACH', 'ModifierId', 'MODIFIER_NW_DOCKYARDREEF_GRANT_FRIGATE');

INSERT INTO Haikesi_Relic_Modifiers (RelicType, ModifierId) VALUES
    ('DRAWYOURSWORDRUNE', 'MODIFIER_NW_DOCKYARDREEF_VALID_REEF'),
    ('DRAWYOURSWORDRUNE', 'MODIFIER_NW_DOCKYARDREEF_GRANT_FRIGATE_ATTACH');

-- 港口使节 (DUALWIELDRUNE): 每个 U型港 +1 使者
INSERT OR IGNORE INTO Modifiers (ModifierId, ModifierType, SubjectRequirementSetId)
    VALUES ('MODIFIER_NW_COTHON_ENVOY', 'MODIFIER_NW_PLAYER_GRANT_INFLUENCE_TOKEN', 'NW_DISTRICT_IS_DISTRICT_COTHON');
INSERT OR IGNORE INTO ModifierArguments (ModifierId, Name, Value) VALUES
    ('MODIFIER_NW_COTHON_ENVOY', 'Amount', '1');
INSERT INTO Haikesi_Relic_Modifiers (RelicType, ModifierId) VALUES ('DUALWIELDRUNE', 'MODIFIER_NW_COTHON_ENVOY');

-- 同业公会改组 (EXPLOSIONARTRUNE): 商业同业公会前置降至写作;相邻生产力加成额外提供等额金币
INSERT OR IGNORE INTO Modifiers (ModifierId, ModifierType)
    VALUES ('MODIFIER_NW_HANSA_UNLOCK_WRITING', 'MODIFIER_PLAYER_ADJUST_DISTRICT_UNLOCK');
INSERT OR IGNORE INTO ModifierArguments (ModifierId, Name, Value) VALUES
    ('MODIFIER_NW_HANSA_UNLOCK_WRITING', 'DistrictType', 'DISTRICT_HANSA'),
    ('MODIFIER_NW_HANSA_UNLOCK_WRITING', 'TechType',     'TECH_WRITING');

INSERT OR IGNORE INTO Modifiers (ModifierId, ModifierType, SubjectRequirementSetId)
    VALUES ('MODIFIER_NW_HANSA_ADJACENCY_GOLD', 'MODIFIER_PLAYER_DISTRICTS_ADJUST_YIELD_BASED_ON_ADJACENCY_BONUS', 'NW_DISTRICT_IS_DISTRICT_HANSA');
INSERT OR IGNORE INTO ModifierArguments (ModifierId, Name, Value) VALUES
    ('MODIFIER_NW_HANSA_ADJACENCY_GOLD', 'YieldTypeToMirror', 'YIELD_PRODUCTION'),
    ('MODIFIER_NW_HANSA_ADJACENCY_GOLD', 'YieldTypeToGrant',  'YIELD_GOLD');
INSERT INTO Haikesi_Relic_Modifiers (RelicType, ModifierId) VALUES
    ('EXPLOSIONARTRUNE', 'MODIFIER_NW_HANSA_UNLOCK_WRITING'),
    ('EXPLOSIONARTRUNE', 'MODIFIER_NW_HANSA_ADJACENCY_GOLD');

-- 曼丁哥商埠升级 (FEELTHEBURNRUNE): 每个 SUGUBA +2 宜居、+1 住房、+2 生产力
INSERT OR IGNORE INTO Modifiers (ModifierId, ModifierType, SubjectRequirementSetId) VALUES
    ('MODIFIER_NW_SUGUBA_AMENITY',   'MODIFIER_PLAYER_DISTRICTS_ADJUST_DISTRICT_AMENITY', 'NW_DISTRICT_IS_DISTRICT_SUGUBA'),
    ('MODIFIER_NW_SUGUBA_HOUSING',   'MODIFIER_PLAYER_DISTRICTS_ADJUST_HOUSING',          'NW_DISTRICT_IS_DISTRICT_SUGUBA'),
    ('MODIFIER_NW_SUGUBA_PRODUCTION','MODIFIER_PLAYER_DISTRICTS_ADJUST_YIELD_CHANGE',     'NW_DISTRICT_IS_DISTRICT_SUGUBA');
INSERT OR IGNORE INTO ModifierArguments (ModifierId, Name, Value) VALUES
    ('MODIFIER_NW_SUGUBA_AMENITY',    'Amount',    '2'),
    ('MODIFIER_NW_SUGUBA_HOUSING',    'Amount',    '1'),
    ('MODIFIER_NW_SUGUBA_PRODUCTION', 'Amount',    '2'),
    ('MODIFIER_NW_SUGUBA_PRODUCTION', 'YieldType', 'YIELD_PRODUCTION');
INSERT INTO Haikesi_Relic_Modifiers (RelicType, ModifierId) VALUES
    ('FEELTHEBURNRUNE', 'MODIFIER_NW_SUGUBA_AMENITY'),
    ('FEELTHEBURNRUNE', 'MODIFIER_NW_SUGUBA_HOUSING'),
    ('FEELTHEBURNRUNE', 'MODIFIER_NW_SUGUBA_PRODUCTION');

-- 卫城守备 (FEYMAGICRUNE): 建成卫城赠 1 重装步兵;卫城驻扎抗骑兵时文化相邻加成额外提供等额科技
INSERT OR IGNORE INTO Requirements (RequirementId, RequirementType) VALUES ('NW_REQUIRES_DISTRICT_IS_ACROPOLIS', 'REQUIREMENT_DISTRICT_TYPE_MATCHES');
INSERT OR IGNORE INTO RequirementArguments (RequirementId, Name, Value) VALUES ('NW_REQUIRES_DISTRICT_IS_ACROPOLIS', 'DistrictType', 'DISTRICT_ACROPOLIS');

INSERT OR IGNORE INTO Modifiers (ModifierId, ModifierType, RunOnce, Permanent) VALUES
    ('MODIFIER_NW_ACROPOLIS_GRANT_HOPLITE', 'MODIFIER_PLAYER_GRANT_UNIT_OF_ABILITY_WITH_MODIFIER', 1, 1);
INSERT OR IGNORE INTO ModifierArguments (ModifierId, Name, Value) VALUES
    ('MODIFIER_NW_ACROPOLIS_GRANT_HOPLITE', 'UnitPromotionClassType', 'PROMOTION_CLASS_ANTI_CAVALRY');
INSERT OR IGNORE INTO Modifiers (ModifierId, ModifierType, SubjectRequirementSetId) VALUES
    ('MODIFIER_NW_ACROPOLIS_GRANT_HOPLITE_ATTACH', 'MODIFIER_NW_PLAYER_DISTRICTS_ATTACH_MODIFIER', 'NW_DISTRICT_IS_DISTRICT_ACROPOLIS');
INSERT OR IGNORE INTO ModifierArguments (ModifierId, Name, Value) VALUES
    ('MODIFIER_NW_ACROPOLIS_GRANT_HOPLITE_ATTACH', 'ModifierId', 'MODIFIER_NW_ACROPOLIS_GRANT_HOPLITE');
INSERT INTO Haikesi_Relic_Modifiers (RelicType, ModifierId) VALUES
    ('FEYMAGICRUNE', 'MODIFIER_NW_ACROPOLIS_GRANT_HOPLITE_ATTACH');

INSERT OR IGNORE INTO Requirements (RequirementId, RequirementType)
    SELECT 'NW_REQUIRES_ACROPOLIS_PLOT_HAS_' || UnitType, 'REQUIREMENT_PLOT_UNIT_TYPE_MATCHES'
    FROM Units WHERE PromotionClass = 'PROMOTION_CLASS_ANTI_CAVALRY';
INSERT OR IGNORE INTO RequirementArguments (RequirementId, Name, Value)
    SELECT 'NW_REQUIRES_ACROPOLIS_PLOT_HAS_' || UnitType, 'UnitType', UnitType
    FROM Units WHERE PromotionClass = 'PROMOTION_CLASS_ANTI_CAVALRY';

INSERT OR IGNORE INTO RequirementSets (RequirementSetId, RequirementSetType)
    SELECT 'NW_ACROPOLIS_GARRISONED_BY_' || UnitType, 'REQUIREMENTSET_TEST_ALL'
    FROM Units WHERE PromotionClass = 'PROMOTION_CLASS_ANTI_CAVALRY';
INSERT OR IGNORE INTO RequirementSetRequirements (RequirementSetId, RequirementId)
    SELECT 'NW_ACROPOLIS_GARRISONED_BY_' || UnitType, 'NW_REQUIRES_DISTRICT_IS_ACROPOLIS'
    FROM Units WHERE PromotionClass = 'PROMOTION_CLASS_ANTI_CAVALRY';
INSERT OR IGNORE INTO RequirementSetRequirements (RequirementSetId, RequirementId)
    SELECT 'NW_ACROPOLIS_GARRISONED_BY_' || UnitType, 'NW_REQUIRES_ACROPOLIS_PLOT_HAS_' || UnitType
    FROM Units WHERE PromotionClass = 'PROMOTION_CLASS_ANTI_CAVALRY';

INSERT OR IGNORE INTO Modifiers (ModifierId, ModifierType, SubjectRequirementSetId)
    SELECT 'MODIFIER_NW_ACROPOLIS_ANTICAVALRY_SCIENCE_' || UnitType,
           'MODIFIER_PLAYER_DISTRICTS_ADJUST_YIELD_BASED_ON_ADJACENCY_BONUS',
           'NW_ACROPOLIS_GARRISONED_BY_' || UnitType
    FROM Units WHERE PromotionClass = 'PROMOTION_CLASS_ANTI_CAVALRY';
INSERT OR IGNORE INTO ModifierArguments (ModifierId, Name, Value)
    SELECT 'MODIFIER_NW_ACROPOLIS_ANTICAVALRY_SCIENCE_' || UnitType, 'YieldTypeToMirror', 'YIELD_CULTURE'
    FROM Units WHERE PromotionClass = 'PROMOTION_CLASS_ANTI_CAVALRY';
INSERT OR IGNORE INTO ModifierArguments (ModifierId, Name, Value)
    SELECT 'MODIFIER_NW_ACROPOLIS_ANTICAVALRY_SCIENCE_' || UnitType, 'YieldTypeToGrant', 'YIELD_SCIENCE'
    FROM Units WHERE PromotionClass = 'PROMOTION_CLASS_ANTI_CAVALRY';
INSERT INTO Haikesi_Relic_Modifiers (RelicType, ModifierId)
    SELECT 'FEYMAGICRUNE', 'MODIFIER_NW_ACROPOLIS_ANTICAVALRY_SCIENCE_' || UnitType
    FROM Units WHERE PromotionClass = 'PROMOTION_CLASS_ANTI_CAVALRY';

-- 书院联书 (FLYINGKICKRUNE): 书院为相邻 owner 区域所在城市赠图书馆/大学(大学需科学理论)
INSERT OR IGNORE INTO Requirements (RequirementId, RequirementType) VALUES ('NW_REQUIRES_DISTRICT_IS_SEOWON', 'REQUIREMENT_DISTRICT_TYPE_MATCHES');
INSERT OR IGNORE INTO RequirementArguments (RequirementId, Name, Value) VALUES ('NW_REQUIRES_DISTRICT_IS_SEOWON', 'DistrictType', 'DISTRICT_SEOWON');

INSERT OR IGNORE INTO Requirements (RequirementId, RequirementType) VALUES ('NW_REQUIRES_PLOT_ADJACENT_TO_OWNER', 'REQUIREMENT_PLOT_ADJACENT_TO_OWNER');
INSERT OR IGNORE INTO RequirementArguments (RequirementId, Name, Value) VALUES
    ('NW_REQUIRES_PLOT_ADJACENT_TO_OWNER', 'MinDistance', '1'),
    ('NW_REQUIRES_PLOT_ADJACENT_TO_OWNER', 'MaxDistance', '1');

INSERT OR IGNORE INTO RequirementSets (RequirementSetId, RequirementSetType) VALUES ('NW_SEOWON_ADJACENT_TO_OWNER', 'REQUIREMENTSET_TEST_ALL');
INSERT OR IGNORE INTO RequirementSetRequirements (RequirementSetId, RequirementId) VALUES
    ('NW_SEOWON_ADJACENT_TO_OWNER', 'NW_REQUIRES_DISTRICT_IS_SEOWON'),
    ('NW_SEOWON_ADJACENT_TO_OWNER', 'NW_REQUIRES_PLOT_ADJACENT_TO_OWNER');

INSERT OR IGNORE INTO Modifiers (ModifierId, ModifierType) VALUES
    ('MODIFIER_NW_SEOWON_GRANT_LIBRARY', 'MODIFIER_SINGLE_CITY_GRANT_BUILDING_IN_CITY_IGNORE');
INSERT OR IGNORE INTO ModifierArguments (ModifierId, Name, Value) VALUES
    ('MODIFIER_NW_SEOWON_GRANT_LIBRARY', 'BuildingType', 'BUILDING_LIBRARY');

INSERT OR IGNORE INTO Modifiers (ModifierId, ModifierType) VALUES
    ('MODIFIER_NW_SEOWON_GRANT_UNIVERSITY', 'MODIFIER_SINGLE_CITY_GRANT_BUILDING_IN_CITY_IGNORE');
INSERT OR IGNORE INTO ModifierArguments (ModifierId, Name, Value) VALUES
    ('MODIFIER_NW_SEOWON_GRANT_UNIVERSITY', 'BuildingType', 'BUILDING_UNIVERSITY');

INSERT OR IGNORE INTO Modifiers (ModifierId, ModifierType, SubjectRequirementSetId) VALUES
    ('MODIFIER_NW_SEOWON_ATTACH_LIBRARY', 'MODIFIER_NW_PLAYER_DISTRICTS_ATTACH_MODIFIER', 'NW_SEOWON_ADJACENT_TO_OWNER');
INSERT OR IGNORE INTO ModifierArguments (ModifierId, Name, Value) VALUES
    ('MODIFIER_NW_SEOWON_ATTACH_LIBRARY', 'ModifierId', 'MODIFIER_NW_SEOWON_GRANT_LIBRARY');

INSERT OR IGNORE INTO Modifiers (ModifierId, ModifierType, OwnerRequirementSetId, SubjectRequirementSetId) VALUES
    ('MODIFIER_NW_SEOWON_ATTACH_UNIVERSITY', 'MODIFIER_NW_PLAYER_DISTRICTS_ATTACH_MODIFIER',     'NW_PLAYER_HAS_TECH_SCIENTIFIC_THEORY',     'NW_SEOWON_ADJACENT_TO_OWNER');
INSERT OR IGNORE INTO ModifierArguments (ModifierId, Name, Value) VALUES
    ('MODIFIER_NW_SEOWON_ATTACH_UNIVERSITY', 'ModifierId', 'MODIFIER_NW_SEOWON_GRANT_UNIVERSITY');

INSERT OR IGNORE INTO Modifiers (ModifierId, ModifierType, SubjectRequirementSetId) VALUES
    ('MODIFIER_NW_SEOWON_ATTACH_LIBRARY_ATTACH', 'MODIFIER_NW_PLAYER_DISTRICTS_ATTACH_MODIFIER', 'NW_DISTRICT_IS_DISTRICT_SEOWON');
INSERT OR IGNORE INTO ModifierArguments (ModifierId, Name, Value) VALUES
    ('MODIFIER_NW_SEOWON_ATTACH_LIBRARY_ATTACH', 'ModifierId', 'MODIFIER_NW_SEOWON_ATTACH_LIBRARY');

INSERT OR IGNORE INTO Modifiers (ModifierId, ModifierType, SubjectRequirementSetId) VALUES
    ('MODIFIER_NW_SEOWON_ATTACH_UNIVERSITY_ATTACH', 'MODIFIER_NW_PLAYER_DISTRICTS_ATTACH_MODIFIER', 'NW_DISTRICT_IS_DISTRICT_SEOWON');
INSERT OR IGNORE INTO ModifierArguments (ModifierId, Name, Value) VALUES
    ('MODIFIER_NW_SEOWON_ATTACH_UNIVERSITY_ATTACH', 'ModifierId', 'MODIFIER_NW_SEOWON_ATTACH_UNIVERSITY');

INSERT INTO Haikesi_Relic_Modifiers (RelicType, ModifierId) VALUES
    ('FLYINGKICKRUNE', 'MODIFIER_NW_SEOWON_ATTACH_LIBRARY_ATTACH'),
    ('FLYINGKICKRUNE', 'MODIFIER_NW_SEOWON_ATTACH_UNIVERSITY_ATTACH');

-- 浴场 (CANTTOUCHTHISRUNE): 每个浴场 +2 金币;浴场格上单位回合开始完全恢复生命值
INSERT OR IGNORE INTO Modifiers (ModifierId, ModifierType, SubjectRequirementSetId) VALUES
    ('MODIFIER_NW_BATH_GOLD', 'MODIFIER_PLAYER_DISTRICTS_ADJUST_YIELD_CHANGE', 'NW_DISTRICT_IS_DISTRICT_BATH');
INSERT OR IGNORE INTO ModifierArguments (ModifierId, Name, Value) VALUES
    ('MODIFIER_NW_BATH_GOLD', 'Amount', '2'),
    ('MODIFIER_NW_BATH_GOLD', 'YieldType', 'YIELD_GOLD');

INSERT OR IGNORE INTO Requirements (RequirementId, RequirementType) VALUES
    ('NW_REQUIRES_BATH_UNIT_ON_OWNER_PLOT', 'REQUIREMENT_PLOT_ADJACENT_TO_OWNER');
INSERT OR IGNORE INTO RequirementArguments (RequirementId, Name, Value) VALUES
    ('NW_REQUIRES_BATH_UNIT_ON_OWNER_PLOT', 'MinDistance', '0'),
    ('NW_REQUIRES_BATH_UNIT_ON_OWNER_PLOT', 'MaxDistance', '0');
INSERT OR IGNORE INTO RequirementSets (RequirementSetId, RequirementSetType) VALUES
    ('NW_BATH_UNIT_ON_OWNER_PLOT_REQUIREMENTS', 'REQUIREMENTSET_TEST_ALL');
INSERT OR IGNORE INTO RequirementSetRequirements (RequirementSetId, RequirementId) VALUES
    ('NW_BATH_UNIT_ON_OWNER_PLOT_REQUIREMENTS', 'NW_REQUIRES_BATH_UNIT_ON_OWNER_PLOT');

INSERT OR IGNORE INTO Modifiers (ModifierId, ModifierType, OwnerRequirementSetId) VALUES
    ('MODIFIER_NW_BATH_HEAL_UNIT', 'MODIFIER_PLAYER_UNIT_ADJUST_HEAL', 'ON_TURN_STARTED');
INSERT OR IGNORE INTO ModifierArguments (ModifierId, Name, Value) VALUES
    ('MODIFIER_NW_BATH_HEAL_UNIT', 'Amount', '100');

INSERT OR IGNORE INTO Modifiers (ModifierId, ModifierType, SubjectRequirementSetId) VALUES
    ('MODIFIER_NW_BATH_ATTACH_HEAL_TO_UNITS', 'MODIFIER_PLAYER_UNITS_ATTACH_MODIFIER',
     'NW_BATH_UNIT_ON_OWNER_PLOT_REQUIREMENTS');
INSERT OR IGNORE INTO ModifierArguments (ModifierId, Name, Value) VALUES
    ('MODIFIER_NW_BATH_ATTACH_HEAL_TO_UNITS', 'ModifierId', 'MODIFIER_NW_BATH_HEAL_UNIT');

INSERT OR IGNORE INTO Modifiers (ModifierId, ModifierType, SubjectRequirementSetId) VALUES
    ('MODIFIER_NW_BATH_ATTACH_HEAL_FROM_DISTRICT', 'MODIFIER_NW_PLAYER_DISTRICTS_ATTACH_MODIFIER', 'NW_DISTRICT_IS_DISTRICT_BATH');
INSERT OR IGNORE INTO ModifierArguments (ModifierId, Name, Value) VALUES
    ('MODIFIER_NW_BATH_ATTACH_HEAL_FROM_DISTRICT', 'ModifierId', 'MODIFIER_NW_BATH_ATTACH_HEAL_TO_UNITS');

INSERT INTO Haikesi_Relic_Modifiers (RelicType, ModifierId) VALUES
    ('CANTTOUCHTHISRUNE', 'MODIFIER_NW_BATH_GOLD'),
    ('CANTTOUCHTHISRUNE', 'MODIFIER_NW_BATH_ATTACH_HEAL_FROM_DISTRICT');

-- 姆班赞 (FORBIDDENGRIMOIRERUNE): 拥有姆班赞的城市每人口 +1 金币;姆班赞及相邻区域提供 1 级反间谍防御
INSERT OR IGNORE INTO Modifiers (ModifierId, ModifierType) VALUES
    ('MODIFIER_NW_MBANZA_GOLD_PER_POP_CITY', 'MODIFIER_SINGLE_CITY_ADJUST_CITY_YIELD_PER_POPULATION');
INSERT OR IGNORE INTO ModifierArguments (ModifierId, Name, Value) VALUES
    ('MODIFIER_NW_MBANZA_GOLD_PER_POP_CITY', 'Amount', '1'),
    ('MODIFIER_NW_MBANZA_GOLD_PER_POP_CITY', 'YieldType', 'YIELD_GOLD');
INSERT OR IGNORE INTO Modifiers (ModifierId, ModifierType, SubjectRequirementSetId) VALUES
    ('MODIFIER_NW_MBANZA_GOLD_PER_POP', 'MODIFIER_PLAYER_CITIES_ATTACH_MODIFIER', 'NW_CITY_HAS_DISTRICT_MBANZA');
INSERT OR IGNORE INTO ModifierArguments (ModifierId, Name, Value) VALUES
    ('MODIFIER_NW_MBANZA_GOLD_PER_POP', 'ModifierId', 'MODIFIER_NW_MBANZA_GOLD_PER_POP_CITY');

INSERT OR IGNORE INTO Modifiers (ModifierId, ModifierType) VALUES
    ('MODIFIER_NW_MBANZA_ESPIONAGE_DEFENSE_DISTRICT', 'MODIFIER_DISTRICT_ADJUST_WITHIN_ONE_HEX_ESPIONAGE_DEFENSE_BONUS');
INSERT OR IGNORE INTO ModifierArguments (ModifierId, Name, Value) VALUES
    ('MODIFIER_NW_MBANZA_ESPIONAGE_DEFENSE_DISTRICT', 'Amount', '1');
INSERT OR IGNORE INTO Modifiers (ModifierId, ModifierType, SubjectRequirementSetId) VALUES
    ('MODIFIER_NW_MBANZA_ESPIONAGE_DEFENSE', 'MODIFIER_NW_PLAYER_DISTRICTS_ATTACH_MODIFIER', 'NW_DISTRICT_IS_DISTRICT_MBANZA');
INSERT OR IGNORE INTO ModifierArguments (ModifierId, Name, Value) VALUES
    ('MODIFIER_NW_MBANZA_ESPIONAGE_DEFENSE', 'ModifierId', 'MODIFIER_NW_MBANZA_ESPIONAGE_DEFENSE_DISTRICT');

INSERT INTO Haikesi_Relic_Modifiers (RelicType, ModifierId) VALUES
    ('FORBIDDENGRIMOIRERUNE', 'MODIFIER_NW_MBANZA_GOLD_PER_POP'),
    ('FORBIDDENGRIMOIRERUNE', 'MODIFIER_NW_MBANZA_ESPIONAGE_DEFENSE');

-- 街头狂欢节 (GHOSTFORMRUNE): 拥有街头狂欢节的城市 -4 金币,但额外建造一个区域
INSERT OR IGNORE INTO Modifiers (ModifierId, ModifierType) VALUES
    ('MODIFIER_NW_STREET_CARNIVAL_GOLD_PENALTY_CITY', 'MODIFIER_SINGLE_CITY_ADJUST_YIELD_CHANGE'),
    ('MODIFIER_NW_STREET_CARNIVAL_EXTRA_DISTRICT_CITY', 'MODIFIER_SINGLE_CITY_EXTRA_DISTRICT');
INSERT OR IGNORE INTO ModifierArguments (ModifierId, Name, Value) VALUES
    ('MODIFIER_NW_STREET_CARNIVAL_GOLD_PENALTY_CITY', 'Amount', '-4'),
    ('MODIFIER_NW_STREET_CARNIVAL_GOLD_PENALTY_CITY', 'YieldType', 'YIELD_GOLD'),
    ('MODIFIER_NW_STREET_CARNIVAL_EXTRA_DISTRICT_CITY', 'Amount', '1');
INSERT OR IGNORE INTO Modifiers (ModifierId, ModifierType, SubjectRequirementSetId) VALUES
    ('MODIFIER_NW_STREET_CARNIVAL_GOLD_PENALTY', 'MODIFIER_PLAYER_CITIES_ATTACH_MODIFIER', 'NW_CITY_HAS_DISTRICT_STREET_CARNIVAL'),
    ('MODIFIER_NW_STREET_CARNIVAL_EXTRA_DISTRICT', 'MODIFIER_PLAYER_CITIES_ATTACH_MODIFIER', 'NW_CITY_HAS_DISTRICT_STREET_CARNIVAL');
INSERT OR IGNORE INTO ModifierArguments (ModifierId, Name, Value) VALUES
    ('MODIFIER_NW_STREET_CARNIVAL_GOLD_PENALTY', 'ModifierId', 'MODIFIER_NW_STREET_CARNIVAL_GOLD_PENALTY_CITY'),
    ('MODIFIER_NW_STREET_CARNIVAL_EXTRA_DISTRICT', 'ModifierId', 'MODIFIER_NW_STREET_CARNIVAL_EXTRA_DISTRICT_CITY');

INSERT INTO Haikesi_Relic_Modifiers (RelicType, ModifierId) VALUES
    ('GHOSTFORMRUNE', 'MODIFIER_NW_STREET_CARNIVAL_GOLD_PENALTY'),
    ('GHOSTFORMRUNE', 'MODIFIER_NW_STREET_CARNIVAL_EXTRA_DISTRICT');

-- 伊坎达 (GIANTSLAYERRUNE): 拥有伊坎达的城市 +18% 生产力
INSERT OR IGNORE INTO Modifiers (ModifierId, ModifierType) VALUES
    ('MODIFIER_NW_IKANDA_PRODUCTION_CITY', 'MODIFIER_SINGLE_CITY_ADJUST_CITY_YIELD_MODIFIER');
INSERT OR IGNORE INTO ModifierArguments (ModifierId, Name, Value) VALUES
    ('MODIFIER_NW_IKANDA_PRODUCTION_CITY', 'Amount', '18'),
    ('MODIFIER_NW_IKANDA_PRODUCTION_CITY', 'YieldType', 'YIELD_PRODUCTION');
INSERT OR IGNORE INTO Modifiers (ModifierId, ModifierType, SubjectRequirementSetId) VALUES
    ('MODIFIER_NW_IKANDA_PRODUCTION', 'MODIFIER_PLAYER_CITIES_ATTACH_MODIFIER', 'NW_CITY_HAS_DISTRICT_IKANDA');
INSERT OR IGNORE INTO ModifierArguments (ModifierId, Name, Value) VALUES
    ('MODIFIER_NW_IKANDA_PRODUCTION', 'ModifierId', 'MODIFIER_NW_IKANDA_PRODUCTION_CITY');
INSERT INTO Haikesi_Relic_Modifiers (RelicType, ModifierId) VALUES
    ('GIANTSLAYERRUNE', 'MODIFIER_NW_IKANDA_PRODUCTION');

-- 跑马场 (GOLIATHRUNE): 拥有跑马场的城市训练骑兵 +1 移动力;黄金时代额外 +2 攻击力
INSERT OR IGNORE INTO Types (Type, Kind) VALUES
    ('ABILITY_NW_HIPPODROME_CAVALRY_MOVEMENT', 'KIND_ABILITY'),
    ('ABILITY_NW_HIPPODROME_CAVALRY_GOLDEN_COMBAT', 'KIND_ABILITY');

INSERT OR IGNORE INTO UnitAbilities (UnitAbilityType, Name, Description, Inactive) VALUES
    ('ABILITY_NW_HIPPODROME_CAVALRY_MOVEMENT', 'LOC_HAIKESI_RELIC_GOLIATHRUNE_NAME', 'LOC_ABILITY_NW_HIPPODROME_CAVALRY_MOVEMENT_DESCRIPTION', 1),
    ('ABILITY_NW_HIPPODROME_CAVALRY_GOLDEN_COMBAT', 'LOC_HAIKESI_RELIC_GOLIATHRUNE_NAME', 'LOC_ABILITY_NW_HIPPODROME_CAVALRY_GOLDEN_COMBAT_DESCRIPTION', 1);

INSERT OR IGNORE INTO Requirements (RequirementId, RequirementType) VALUES
    ('NW_REQUIRES_UNIT_IS_LIGHT_CAVALRY', 'REQUIREMENT_UNIT_PROMOTION_CLASS_MATCHES'),
    ('NW_REQUIRES_UNIT_IS_HEAVY_CAVALRY', 'REQUIREMENT_UNIT_PROMOTION_CLASS_MATCHES'),
    ('NW_REQUIRES_PLAYER_IS_GOLDEN_AGE', 'REQUIREMENT_PLAYER_HAS_GOLDEN_AGE');
INSERT OR IGNORE INTO RequirementArguments (RequirementId, Name, Value) VALUES
    ('NW_REQUIRES_UNIT_IS_LIGHT_CAVALRY', 'UnitPromotionClass', 'PROMOTION_CLASS_LIGHT_CAVALRY'),
    ('NW_REQUIRES_UNIT_IS_HEAVY_CAVALRY', 'UnitPromotionClass', 'PROMOTION_CLASS_HEAVY_CAVALRY');
INSERT OR IGNORE INTO RequirementSets (RequirementSetId, RequirementSetType) VALUES
    ('NW_UNIT_IS_CAVALRY_REQUIREMENTS', 'REQUIREMENTSET_TEST_ANY'),
    ('NW_PLAYER_IS_GOLDEN_AGE_REQUIREMENTS', 'REQUIREMENTSET_TEST_ALL');
INSERT OR IGNORE INTO RequirementSetRequirements (RequirementSetId, RequirementId) VALUES
    ('NW_UNIT_IS_CAVALRY_REQUIREMENTS', 'NW_REQUIRES_UNIT_IS_LIGHT_CAVALRY'),
    ('NW_UNIT_IS_CAVALRY_REQUIREMENTS', 'NW_REQUIRES_UNIT_IS_HEAVY_CAVALRY'),
    ('NW_PLAYER_IS_GOLDEN_AGE_REQUIREMENTS', 'NW_REQUIRES_PLAYER_IS_GOLDEN_AGE');

INSERT OR IGNORE INTO Modifiers (ModifierId, ModifierType, SubjectRequirementSetId) VALUES
    ('MODIFIER_NW_HIPPODROME_CAVALRY_MOVEMENT', 'MODIFIER_PLAYER_UNIT_ADJUST_MOVEMENT', 'NW_UNIT_IS_CAVALRY_REQUIREMENTS');
INSERT OR IGNORE INTO ModifierArguments (ModifierId, Name, Value) VALUES
    ('MODIFIER_NW_HIPPODROME_CAVALRY_MOVEMENT', 'Amount', '1');
INSERT OR IGNORE INTO UnitAbilityModifiers (UnitAbilityType, ModifierId) VALUES
    ('ABILITY_NW_HIPPODROME_CAVALRY_MOVEMENT', 'MODIFIER_NW_HIPPODROME_CAVALRY_MOVEMENT');

INSERT OR IGNORE INTO Modifiers (ModifierId, ModifierType, OwnerRequirementSetId, SubjectRequirementSetId) VALUES
    ('MODIFIER_NW_HIPPODROME_CAVALRY_GOLDEN_COMBAT', 'MODIFIER_UNIT_ADJUST_COMBAT_STRENGTH', 'NW_PLAYER_IS_GOLDEN_AGE_REQUIREMENTS', 'NW_UNIT_IS_CAVALRY_REQUIREMENTS');
INSERT OR IGNORE INTO ModifierArguments (ModifierId, Name, Value) VALUES
    ('MODIFIER_NW_HIPPODROME_CAVALRY_GOLDEN_COMBAT', 'Amount', '2');
INSERT OR IGNORE INTO ModifierStrings (ModifierId, Context, Text) VALUES
    ('MODIFIER_NW_HIPPODROME_CAVALRY_GOLDEN_COMBAT', 'Preview', 'LOC_HAIKESI_HIPPODROME_GOLDEN_COMBAT_PREVIEW');
INSERT OR IGNORE INTO UnitAbilityModifiers (UnitAbilityType, ModifierId) VALUES
    ('ABILITY_NW_HIPPODROME_CAVALRY_GOLDEN_COMBAT', 'MODIFIER_NW_HIPPODROME_CAVALRY_GOLDEN_COMBAT');

INSERT OR IGNORE INTO Modifiers (ModifierId, ModifierType) VALUES
    ('MODIFIER_NW_HIPPODROME_GRANT_MOVEMENT_ABILITY_CITY', 'MODIFIER_SINGLE_CITY_GRANT_ABILITY_FOR_TRAINED_UNITS'),
    ('MODIFIER_NW_HIPPODROME_GRANT_GOLDEN_COMBAT_ABILITY_CITY', 'MODIFIER_SINGLE_CITY_GRANT_ABILITY_FOR_TRAINED_UNITS');
INSERT OR IGNORE INTO ModifierArguments (ModifierId, Name, Value) VALUES
    ('MODIFIER_NW_HIPPODROME_GRANT_MOVEMENT_ABILITY_CITY', 'AbilityType', 'ABILITY_NW_HIPPODROME_CAVALRY_MOVEMENT'),
    ('MODIFIER_NW_HIPPODROME_GRANT_GOLDEN_COMBAT_ABILITY_CITY', 'AbilityType', 'ABILITY_NW_HIPPODROME_CAVALRY_GOLDEN_COMBAT');
INSERT OR IGNORE INTO Modifiers (ModifierId, ModifierType, SubjectRequirementSetId) VALUES
    ('MODIFIER_NW_HIPPODROME_GRANT_MOVEMENT_ABILITY', 'MODIFIER_PLAYER_CITIES_ATTACH_MODIFIER', 'NW_CITY_HAS_DISTRICT_HIPPODROME'),
    ('MODIFIER_NW_HIPPODROME_GRANT_GOLDEN_COMBAT_ABILITY', 'MODIFIER_PLAYER_CITIES_ATTACH_MODIFIER', 'NW_CITY_HAS_DISTRICT_HIPPODROME');
INSERT OR IGNORE INTO ModifierArguments (ModifierId, Name, Value) VALUES
    ('MODIFIER_NW_HIPPODROME_GRANT_MOVEMENT_ABILITY', 'ModifierId', 'MODIFIER_NW_HIPPODROME_GRANT_MOVEMENT_ABILITY_CITY'),
    ('MODIFIER_NW_HIPPODROME_GRANT_GOLDEN_COMBAT_ABILITY', 'ModifierId', 'MODIFIER_NW_HIPPODROME_GRANT_GOLDEN_COMBAT_ABILITY_CITY');

INSERT INTO Haikesi_Relic_Modifiers (RelicType, ModifierId) VALUES
    ('GOLIATHRUNE', 'MODIFIER_NW_HIPPODROME_GRANT_MOVEMENT_ABILITY'),
    ('GOLIATHRUNE', 'MODIFIER_NW_HIPPODROME_GRANT_GOLDEN_COMBAT_ABILITY');

-- 奥皮杜姆 (JEWELEDGAUNTLETRUNE): 奥皮杜姆从丘陵获得标准生产力相邻加成;解锁科技降至采矿
INSERT OR IGNORE INTO Modifiers (ModifierId, ModifierType) VALUES
    ('MODIFIER_NW_OPPIDUM_UNLOCK_MINING', 'MODIFIER_PLAYER_ADJUST_DISTRICT_UNLOCK');
INSERT OR IGNORE INTO ModifierArguments (ModifierId, Name, Value) VALUES
    ('MODIFIER_NW_OPPIDUM_UNLOCK_MINING', 'DistrictType', 'DISTRICT_OPPIDUM'),
    ('MODIFIER_NW_OPPIDUM_UNLOCK_MINING', 'TechType', 'TECH_MINING');

INSERT OR IGNORE INTO Modifiers (ModifierId, ModifierType) VALUES
    ('MODIFIER_NW_OPPIDUM_ADJ_GRASS_HILLS', 'MODIFIER_PLAYER_CITIES_TERRAIN_ADJACENCY'),
    ('MODIFIER_NW_OPPIDUM_ADJ_PLAINS_HILLS', 'MODIFIER_PLAYER_CITIES_TERRAIN_ADJACENCY'),
    ('MODIFIER_NW_OPPIDUM_ADJ_DESERT_HILLS', 'MODIFIER_PLAYER_CITIES_TERRAIN_ADJACENCY'),
    ('MODIFIER_NW_OPPIDUM_ADJ_TUNDRA_HILLS', 'MODIFIER_PLAYER_CITIES_TERRAIN_ADJACENCY'),
    ('MODIFIER_NW_OPPIDUM_ADJ_SNOW_HILLS', 'MODIFIER_PLAYER_CITIES_TERRAIN_ADJACENCY');
INSERT OR IGNORE INTO ModifierArguments (ModifierId, Name, Value) VALUES
    ('MODIFIER_NW_OPPIDUM_ADJ_GRASS_HILLS', 'DistrictType', 'DISTRICT_OPPIDUM'),
    ('MODIFIER_NW_OPPIDUM_ADJ_GRASS_HILLS', 'TerrainType', 'TERRAIN_GRASS_HILLS'),
    ('MODIFIER_NW_OPPIDUM_ADJ_GRASS_HILLS', 'YieldType', 'YIELD_PRODUCTION'),
    ('MODIFIER_NW_OPPIDUM_ADJ_GRASS_HILLS', 'Amount', '1'),
    ('MODIFIER_NW_OPPIDUM_ADJ_GRASS_HILLS', 'TilesRequired', '1'),
    ('MODIFIER_NW_OPPIDUM_ADJ_GRASS_HILLS', 'Description', 'LOC_HAIKESI_OPPIDUM_HILLS_ADJACENCY'),
    ('MODIFIER_NW_OPPIDUM_ADJ_PLAINS_HILLS', 'DistrictType', 'DISTRICT_OPPIDUM'),
    ('MODIFIER_NW_OPPIDUM_ADJ_PLAINS_HILLS', 'TerrainType', 'TERRAIN_PLAINS_HILLS'),
    ('MODIFIER_NW_OPPIDUM_ADJ_PLAINS_HILLS', 'YieldType', 'YIELD_PRODUCTION'),
    ('MODIFIER_NW_OPPIDUM_ADJ_PLAINS_HILLS', 'Amount', '1'),
    ('MODIFIER_NW_OPPIDUM_ADJ_PLAINS_HILLS', 'TilesRequired', '1'),
    ('MODIFIER_NW_OPPIDUM_ADJ_PLAINS_HILLS', 'Description', 'LOC_HAIKESI_OPPIDUM_HILLS_ADJACENCY'),
    ('MODIFIER_NW_OPPIDUM_ADJ_DESERT_HILLS', 'DistrictType', 'DISTRICT_OPPIDUM'),
    ('MODIFIER_NW_OPPIDUM_ADJ_DESERT_HILLS', 'TerrainType', 'TERRAIN_DESERT_HILLS'),
    ('MODIFIER_NW_OPPIDUM_ADJ_DESERT_HILLS', 'YieldType', 'YIELD_PRODUCTION'),
    ('MODIFIER_NW_OPPIDUM_ADJ_DESERT_HILLS', 'Amount', '1'),
    ('MODIFIER_NW_OPPIDUM_ADJ_DESERT_HILLS', 'TilesRequired', '1'),
    ('MODIFIER_NW_OPPIDUM_ADJ_DESERT_HILLS', 'Description', 'LOC_HAIKESI_OPPIDUM_HILLS_ADJACENCY'),
    ('MODIFIER_NW_OPPIDUM_ADJ_TUNDRA_HILLS', 'DistrictType', 'DISTRICT_OPPIDUM'),
    ('MODIFIER_NW_OPPIDUM_ADJ_TUNDRA_HILLS', 'TerrainType', 'TERRAIN_TUNDRA_HILLS'),
    ('MODIFIER_NW_OPPIDUM_ADJ_TUNDRA_HILLS', 'YieldType', 'YIELD_PRODUCTION'),
    ('MODIFIER_NW_OPPIDUM_ADJ_TUNDRA_HILLS', 'Amount', '1'),
    ('MODIFIER_NW_OPPIDUM_ADJ_TUNDRA_HILLS', 'TilesRequired', '1'),
    ('MODIFIER_NW_OPPIDUM_ADJ_TUNDRA_HILLS', 'Description', 'LOC_HAIKESI_OPPIDUM_HILLS_ADJACENCY'),
    ('MODIFIER_NW_OPPIDUM_ADJ_SNOW_HILLS', 'DistrictType', 'DISTRICT_OPPIDUM'),
    ('MODIFIER_NW_OPPIDUM_ADJ_SNOW_HILLS', 'TerrainType', 'TERRAIN_SNOW_HILLS'),
    ('MODIFIER_NW_OPPIDUM_ADJ_SNOW_HILLS', 'YieldType', 'YIELD_PRODUCTION'),
    ('MODIFIER_NW_OPPIDUM_ADJ_SNOW_HILLS', 'Amount', '1'),
    ('MODIFIER_NW_OPPIDUM_ADJ_SNOW_HILLS', 'TilesRequired', '1'),
    ('MODIFIER_NW_OPPIDUM_ADJ_SNOW_HILLS', 'Description', 'LOC_HAIKESI_OPPIDUM_HILLS_ADJACENCY');
INSERT INTO Haikesi_Relic_Modifiers (RelicType, ModifierId) VALUES
    ('JEWELEDGAUNTLETRUNE', 'MODIFIER_NW_OPPIDUM_UNLOCK_MINING'),
    ('JEWELEDGAUNTLETRUNE', 'MODIFIER_NW_OPPIDUM_ADJ_GRASS_HILLS'),
    ('JEWELEDGAUNTLETRUNE', 'MODIFIER_NW_OPPIDUM_ADJ_PLAINS_HILLS'),
    ('JEWELEDGAUNTLETRUNE', 'MODIFIER_NW_OPPIDUM_ADJ_DESERT_HILLS'),
    ('JEWELEDGAUNTLETRUNE', 'MODIFIER_NW_OPPIDUM_ADJ_TUNDRA_HILLS'),
    ('JEWELEDGAUNTLETRUNE', 'MODIFIER_NW_OPPIDUM_ADJ_SNOW_HILLS');

-- 城池 (MASTEROFDUALITYRUNE): 城池每与 1 个区域相邻,额外 +2 文化值
INSERT OR IGNORE INTO Modifiers (ModifierId, ModifierType) VALUES
    ('MODIFIER_NW_THANH_CULTURE_ADJACENCY', 'MODIFIER_PLAYER_CITIES_DISTRICT_ADJACENCY');
INSERT OR IGNORE INTO ModifierArguments (ModifierId, Name, Value) VALUES
    ('MODIFIER_NW_THANH_CULTURE_ADJACENCY', 'DistrictType', 'DISTRICT_THANH'),
    ('MODIFIER_NW_THANH_CULTURE_ADJACENCY', 'YieldType', 'YIELD_CULTURE'),
    ('MODIFIER_NW_THANH_CULTURE_ADJACENCY', 'Amount', '2'),
    ('MODIFIER_NW_THANH_CULTURE_ADJACENCY', 'TilesRequired', '1'),
    ('MODIFIER_NW_THANH_CULTURE_ADJACENCY', 'Description', 'LOC_HAIKESI_THANH_DISTRICT_ADJACENCY');
INSERT INTO Haikesi_Relic_Modifiers (RelicType, ModifierId) VALUES
    ('MASTEROFDUALITYRUNE', 'MODIFIER_NW_THANH_CULTURE_ADJACENCY');

-- 最万用的瞄准镜 (MOSTUNIVERSALSCOPERUNE): 站于丘陵的远程单位 +1 射程
INSERT OR IGNORE INTO Requirements (RequirementId, RequirementType) VALUES ('NW_REQUIRES_SCOPE_UNIT_IS_RANGED', 'REQUIREMENT_UNIT_PROMOTION_CLASS_MATCHES');
INSERT OR IGNORE INTO RequirementArguments (RequirementId, Name, Value) VALUES ('NW_REQUIRES_SCOPE_UNIT_IS_RANGED', 'UnitPromotionClass', 'PROMOTION_CLASS_RANGED');
INSERT OR IGNORE INTO Requirements (RequirementId, RequirementType) VALUES ('NW_REQUIRES_SCOPE_UNIT_ON_HILLS', 'REQUIREMENT_PLOT_IS_HILLS');
INSERT OR IGNORE INTO RequirementSets (RequirementSetId, RequirementSetType) VALUES ('NW_SCOPE_UNIT_IS_RANGED_ON_HILLS', 'REQUIREMENTSET_TEST_ALL');
INSERT OR IGNORE INTO RequirementSetRequirements (RequirementSetId, RequirementId) VALUES ('NW_SCOPE_UNIT_IS_RANGED_ON_HILLS', 'NW_REQUIRES_SCOPE_UNIT_IS_RANGED');
INSERT OR IGNORE INTO RequirementSetRequirements (RequirementSetId, RequirementId) VALUES ('NW_SCOPE_UNIT_IS_RANGED_ON_HILLS', 'NW_REQUIRES_SCOPE_UNIT_ON_HILLS');
INSERT OR IGNORE INTO Modifiers (ModifierId, ModifierType, SubjectRequirementSetId) VALUES ('MODIFIER_NW_SCOPE_RANGE', 'MODIFIER_PLAYER_UNITS_ADJUST_ATTACK_RANGE', 'NW_SCOPE_UNIT_IS_RANGED_ON_HILLS');
INSERT OR IGNORE INTO ModifierArguments (ModifierId, Name, Value) VALUES ('MODIFIER_NW_SCOPE_RANGE', 'Amount', '1');
INSERT INTO Haikesi_Relic_Modifiers (RelicType, ModifierId) VALUES ('MOSTUNIVERSALSCOPERUNE', 'MODIFIER_NW_SCOPE_RANGE');

-- 升级：拉夫拉修道院 (LAVRAUPGRADERUNE): 拥有寺庙的拉夫拉，信仰相邻加成提供生产力
INSERT OR IGNORE INTO Requirements (RequirementId, RequirementType) VALUES ('NW_REQUIRES_LAVRA_PLOT_IS_LAVRA', 'REQUIREMENT_PLOT_DISTRICT_TYPE_MATCHES');
INSERT OR IGNORE INTO RequirementArguments (RequirementId, Name, Value) VALUES ('NW_REQUIRES_LAVRA_PLOT_IS_LAVRA', 'DistrictType', 'DISTRICT_LAVRA');
INSERT OR IGNORE INTO RequirementSets (RequirementSetId, RequirementSetType) VALUES ('NW_LAVRA_HAS_TEMPLE_REQUIREMENTS', 'REQUIREMENTSET_TEST_ALL');
INSERT OR IGNORE INTO RequirementSetRequirements (RequirementSetId, RequirementId) VALUES ('NW_LAVRA_HAS_TEMPLE_REQUIREMENTS', 'NW_REQUIRES_LAVRA_PLOT_IS_LAVRA');
INSERT OR IGNORE INTO RequirementSetRequirements (RequirementSetId, RequirementId) VALUES ('NW_LAVRA_HAS_TEMPLE_REQUIREMENTS', 'REQ_NW_CITY_HAS_BUILDING_TEMPLE');
INSERT OR IGNORE INTO Modifiers (ModifierId, ModifierType, SubjectRequirementSetId) VALUES ('MODIFIER_NW_LAVRA_ADJACENCY_PRODUCTION', 'MODIFIER_PLAYER_DISTRICTS_ADJUST_YIELD_BASED_ON_ADJACENCY_BONUS', 'NW_LAVRA_HAS_TEMPLE_REQUIREMENTS');
INSERT OR IGNORE INTO ModifierArguments (ModifierId, Name, Value) VALUES ('MODIFIER_NW_LAVRA_ADJACENCY_PRODUCTION', 'YieldTypeToMirror', 'YIELD_FAITH');
INSERT OR IGNORE INTO ModifierArguments (ModifierId, Name, Value) VALUES ('MODIFIER_NW_LAVRA_ADJACENCY_PRODUCTION', 'YieldTypeToGrant', 'YIELD_PRODUCTION');
INSERT INTO Haikesi_Relic_Modifiers (RelicType, ModifierId) VALUES ('LAVRAUPGRADERUNE', 'MODIFIER_NW_LAVRA_ADJACENCY_PRODUCTION');

-- 坚壁清野 (GROUNDEDRUNE): 位于己方领土的非队友单位 -1 移动力、-1 射程
-- 机制: ALL_UNITS_GRANT_ABILITY 给符合 SubjectReqSet 的单位授 ABILITY_NW_SCORCHED_EARTH
--   Ability 挂两条 debuff modifier(MOVEMENT/RANGE -1)；过滤全在 GRANT_ABILITY 的 SubjectReqSet
--   ① UNIT_IN_OWNER_TERRITORY: 单位位于 modifier owner(玩家)领土
--   ② PLAYER_IS_TEAM_MEMBER Inverse=1: 非同队（排除自己与队友）
-- 参考: EVEREST_ADJACENT_UNITS_GRANT_ABILITY（ALL_UNITS_GRANT_ABILITY 范式）/ BIGKNIFE（Ability 挂 debuff）
-- 注: 射程 -1 原版无负值先例，待进游戏验证；移动力 -1 可靠
INSERT OR IGNORE INTO Types (Type, Kind) VALUES ('ABILITY_NW_SCORCHED_EARTH', 'KIND_ABILITY');
INSERT OR IGNORE INTO TypeTags (Type, Tag) VALUES ('ABILITY_NW_SCORCHED_EARTH', 'CLASS_ALL_COMBAT_UNITS');
INSERT OR IGNORE INTO UnitAbilities (UnitAbilityType, Name, Description, Inactive) VALUES ('ABILITY_NW_SCORCHED_EARTH', 'LOC_HAIKESI_RELIC_GROUNDEDRUNE_NAME', 'LOC_HAIKESI_RELIC_GROUNDEDRUNE_DESCRIPTION', 1);

INSERT OR IGNORE INTO Modifiers (ModifierId, ModifierType) VALUES ('MODIFIER_NW_SCORCHED_MOVEMENT', 'MODIFIER_UNIT_ADJUST_MOVEMENT');
INSERT OR IGNORE INTO ModifierArguments (ModifierId, Name, Value) VALUES ('MODIFIER_NW_SCORCHED_MOVEMENT', 'Amount', '-1');
INSERT OR IGNORE INTO Modifiers (ModifierId, ModifierType) VALUES ('MODIFIER_NW_SCORCHED_RANGE', 'MODIFIER_UNIT_ADJUST_ATTACK_RANGE');
INSERT OR IGNORE INTO ModifierArguments (ModifierId, Name, Value) VALUES ('MODIFIER_NW_SCORCHED_RANGE', 'Amount', '-1');
INSERT OR IGNORE INTO UnitAbilityModifiers (UnitAbilityType, ModifierId) VALUES ('ABILITY_NW_SCORCHED_EARTH', 'MODIFIER_NW_SCORCHED_MOVEMENT');
INSERT OR IGNORE INTO UnitAbilityModifiers (UnitAbilityType, ModifierId) VALUES ('ABILITY_NW_SCORCHED_EARTH', 'MODIFIER_NW_SCORCHED_RANGE');

INSERT OR IGNORE INTO Requirements (RequirementId, RequirementType) VALUES ('NW_REQUIRES_SCORCHED_IN_OWNER_TERRITORY', 'REQUIREMENT_UNIT_IN_OWNER_TERRITORY');
INSERT OR IGNORE INTO Requirements (RequirementId, RequirementType, Inverse) VALUES ('NW_REQUIRES_SCORCHED_NOT_TEAM_MEMBER', 'REQUIREMENT_PLAYER_IS_TEAM_MEMBER', 1);
INSERT OR IGNORE INTO RequirementSets (RequirementSetId, RequirementSetType) VALUES ('NW_SCORCHED_TARGET_REQUIREMENTS', 'REQUIREMENTSET_TEST_ALL');
INSERT OR IGNORE INTO RequirementSetRequirements (RequirementSetId, RequirementId) VALUES ('NW_SCORCHED_TARGET_REQUIREMENTS', 'NW_REQUIRES_SCORCHED_IN_OWNER_TERRITORY');
INSERT OR IGNORE INTO RequirementSetRequirements (RequirementSetId, RequirementId) VALUES ('NW_SCORCHED_TARGET_REQUIREMENTS', 'NW_REQUIRES_SCORCHED_NOT_TEAM_MEMBER');

INSERT OR IGNORE INTO Modifiers (ModifierId, ModifierType, SubjectRequirementSetId) VALUES ('MODIFIER_NW_SCORCHED_GRANT', 'MODIFIER_ALL_UNITS_GRANT_ABILITY', 'NW_SCORCHED_TARGET_REQUIREMENTS');
INSERT OR IGNORE INTO ModifierArguments (ModifierId, Name, Value) VALUES ('MODIFIER_NW_SCORCHED_GRANT', 'AbilityType', 'ABILITY_NW_SCORCHED_EARTH');
INSERT INTO Haikesi_Relic_Modifiers (RelicType, ModifierId) VALUES ('GROUNDEDRUNE', 'MODIFIER_NW_SCORCHED_GRANT');

-- ===========================================================================
-- 终身乐队 (ETERNALBANDRUNE): 首都赠 1 只 +8 场地等级摇滚乐队（不影响原版 UNIT_ROCK_BAND）
-- 图标暂借未实装 SYMPHONYOFWARRUNE，不改写占位
-- 分数 ≈ 等级 + 场地加成 + 3d6；存活需 ≥11，故 +8 时最低 1+8+3=12，永不进解散档
-- ===========================================================================
INSERT OR IGNORE INTO Types (Type, Kind) VALUES
    ('UNIT_NW_ETERNAL_ROCK_BAND',          'KIND_UNIT'),
    ('ABILITY_NW_ETERNAL_ROCK_BAND',       'KIND_ABILITY'),
    ('TRAIT_NW_ETERNAL_ROCK_BAND_LOCK',    'KIND_TRAIT');

-- 无人拥有的 InternalOnly Trait：禁止生产/购买，仅允许 Modifier 赠送
INSERT OR IGNORE INTO Traits (TraitType, Name, Description, InternalOnly) VALUES
    ('TRAIT_NW_ETERNAL_ROCK_BAND_LOCK',
     'LOC_UNIT_NW_ETERNAL_ROCK_BAND_NAME',
     'LOC_UNIT_NW_ETERNAL_ROCK_BAND_DESCRIPTION',
     1);

INSERT OR IGNORE INTO TypeTags (Type, Tag) VALUES
    ('UNIT_NW_ETERNAL_ROCK_BAND', 'CLASS_LANDCIVILIAN'),
    ('UNIT_NW_ETERNAL_ROCK_BAND', 'CLASS_ROCK_BAND');

INSERT OR IGNORE INTO Units (
    UnitType, Name, Description,
    Cost, BaseMoves, BaseSightRange, ZoneOfControl,
    Domain, FormationClass, PromotionClass,
    PurchaseYield, MustPurchase, CanRetreatWhenCaptured,
    InitialLevel, NumRandomChoices, PseudoYieldType, TraitType
) VALUES (
    'UNIT_NW_ETERNAL_ROCK_BAND',
    'LOC_UNIT_NW_ETERNAL_ROCK_BAND_NAME',
    'LOC_UNIT_NW_ETERNAL_ROCK_BAND_DESCRIPTION',
    0, 4, 2, 0,
    'DOMAIN_LAND', 'FORMATION_CLASS_CIVILIAN', 'PROMOTION_CLASS_ROCK_BAND',
    'YIELD_FAITH', 1, 1,
    2, 3, 'PSEUDOYIELD_UNIT_RELIGIOUS', 'TRAIT_NW_ETERNAL_ROCK_BAND_LOCK'
);

INSERT OR IGNORE INTO Units_XP2 (UnitType, TourismBombPossible, CanEarnExperience) VALUES
    ('UNIT_NW_ETERNAL_ROCK_BAND', 1, 0);

INSERT OR IGNORE INTO UnitAbilities (UnitAbilityType, Name, Description, Inactive) VALUES
    ('ABILITY_NW_ETERNAL_ROCK_BAND',
     'LOC_UNIT_NW_ETERNAL_ROCK_BAND_NAME',
     'LOC_ABILITY_NW_ETERNAL_ROCK_BAND_DESCRIPTION', 0);

-- 仅挂在终身乐队上：专用 Tag，避免给原版乐队加加成
INSERT OR IGNORE INTO Tags (Tag, Vocabulary) VALUES
    ('CLASS_NW_ETERNAL_ROCK_BAND', 'ABILITY_CLASS');
INSERT OR IGNORE INTO TypeTags (Type, Tag) VALUES
    ('UNIT_NW_ETERNAL_ROCK_BAND',    'CLASS_NW_ETERNAL_ROCK_BAND'),
    ('ABILITY_NW_ETERNAL_ROCK_BAND', 'CLASS_NW_ETERNAL_ROCK_BAND');

-- 场地等级 +8（覆盖原版可演出场地 + 特色替代区）
INSERT OR IGNORE INTO Modifiers (ModifierId, ModifierType) VALUES
    ('MODIFIER_NW_ETERNAL_RB_LVL_WONDER',              'MODIFIER_PLAYER_UNIT_ADJUST_ROCK_BAND_LEVEL_DISTRICT'),
    ('MODIFIER_NW_ETERNAL_RB_LVL_THEATER',             'MODIFIER_PLAYER_UNIT_ADJUST_ROCK_BAND_LEVEL_DISTRICT'),
    ('MODIFIER_NW_ETERNAL_RB_LVL_ACROPOLIS',           'MODIFIER_PLAYER_UNIT_ADJUST_ROCK_BAND_LEVEL_DISTRICT'),
    ('MODIFIER_NW_ETERNAL_RB_LVL_ENTERTAINMENT',       'MODIFIER_PLAYER_UNIT_ADJUST_ROCK_BAND_LEVEL_DISTRICT'),
    ('MODIFIER_NW_ETERNAL_RB_LVL_STREET_CARNIVAL',     'MODIFIER_PLAYER_UNIT_ADJUST_ROCK_BAND_LEVEL_DISTRICT'),
    ('MODIFIER_NW_ETERNAL_RB_LVL_HIPPODROME',          'MODIFIER_PLAYER_UNIT_ADJUST_ROCK_BAND_LEVEL_DISTRICT'),
    ('MODIFIER_NW_ETERNAL_RB_LVL_WATER_ENTERTAINMENT', 'MODIFIER_PLAYER_UNIT_ADJUST_ROCK_BAND_LEVEL_DISTRICT'),
    ('MODIFIER_NW_ETERNAL_RB_LVL_WATER_STREET_CARNIVAL','MODIFIER_PLAYER_UNIT_ADJUST_ROCK_BAND_LEVEL_DISTRICT'),
    ('MODIFIER_NW_ETERNAL_RB_LVL_CAMPUS',              'MODIFIER_PLAYER_UNIT_ADJUST_ROCK_BAND_LEVEL_DISTRICT'),
    ('MODIFIER_NW_ETERNAL_RB_LVL_SEOWON',              'MODIFIER_PLAYER_UNIT_ADJUST_ROCK_BAND_LEVEL_DISTRICT'),
    ('MODIFIER_NW_ETERNAL_RB_LVL_HARBOR',              'MODIFIER_PLAYER_UNIT_ADJUST_ROCK_BAND_LEVEL_DISTRICT'),
    ('MODIFIER_NW_ETERNAL_RB_LVL_ROYAL_NAVY',          'MODIFIER_PLAYER_UNIT_ADJUST_ROCK_BAND_LEVEL_DISTRICT'),
    ('MODIFIER_NW_ETERNAL_RB_LVL_COTHON',              'MODIFIER_PLAYER_UNIT_ADJUST_ROCK_BAND_LEVEL_DISTRICT'),
    ('MODIFIER_NW_ETERNAL_RB_LVL_SPACEPORT',           'MODIFIER_PLAYER_UNIT_ADJUST_ROCK_BAND_LEVEL_DISTRICT'),
    ('MODIFIER_NW_ETERNAL_RB_LVL_NATIONAL_PARK',       'MODIFIER_PLAYER_UNIT_ADJUST_ROCK_BAND_LEVEL_NATIONAL_PARK'),
    ('MODIFIER_NW_ETERNAL_RB_LVL_NATURAL_WONDER',      'MODIFIER_PLAYER_UNIT_ADJUST_ROCK_BAND_LEVEL_NATURAL_WONDER'),
    ('MODIFIER_NW_ETERNAL_RB_LVL_BEACH_RESORT',        'MODIFIER_PLAYER_UNIT_ADJUST_ROCK_BAND_LEVEL_IMPROVEMENT');

INSERT OR IGNORE INTO ModifierArguments (ModifierId, Name, Value) VALUES
    ('MODIFIER_NW_ETERNAL_RB_LVL_WONDER',               'DistrictType', 'DISTRICT_WONDER'),
    ('MODIFIER_NW_ETERNAL_RB_LVL_WONDER',               'Amount', '8'),
    ('MODIFIER_NW_ETERNAL_RB_LVL_THEATER',              'DistrictType', 'DISTRICT_THEATER'),
    ('MODIFIER_NW_ETERNAL_RB_LVL_THEATER',              'Amount', '8'),
    ('MODIFIER_NW_ETERNAL_RB_LVL_ACROPOLIS',            'DistrictType', 'DISTRICT_ACROPOLIS'),
    ('MODIFIER_NW_ETERNAL_RB_LVL_ACROPOLIS',            'Amount', '8'),
    ('MODIFIER_NW_ETERNAL_RB_LVL_ENTERTAINMENT',        'DistrictType', 'DISTRICT_ENTERTAINMENT_COMPLEX'),
    ('MODIFIER_NW_ETERNAL_RB_LVL_ENTERTAINMENT',        'Amount', '8'),
    ('MODIFIER_NW_ETERNAL_RB_LVL_STREET_CARNIVAL',      'DistrictType', 'DISTRICT_STREET_CARNIVAL'),
    ('MODIFIER_NW_ETERNAL_RB_LVL_STREET_CARNIVAL',      'Amount', '8'),
    ('MODIFIER_NW_ETERNAL_RB_LVL_HIPPODROME',           'DistrictType', 'DISTRICT_HIPPODROME'),
    ('MODIFIER_NW_ETERNAL_RB_LVL_HIPPODROME',           'Amount', '8'),
    ('MODIFIER_NW_ETERNAL_RB_LVL_WATER_ENTERTAINMENT',  'DistrictType', 'DISTRICT_WATER_ENTERTAINMENT_COMPLEX'),
    ('MODIFIER_NW_ETERNAL_RB_LVL_WATER_ENTERTAINMENT',  'Amount', '8'),
    ('MODIFIER_NW_ETERNAL_RB_LVL_WATER_STREET_CARNIVAL','DistrictType', 'DISTRICT_WATER_STREET_CARNIVAL'),
    ('MODIFIER_NW_ETERNAL_RB_LVL_WATER_STREET_CARNIVAL','Amount', '8'),
    ('MODIFIER_NW_ETERNAL_RB_LVL_CAMPUS',               'DistrictType', 'DISTRICT_CAMPUS'),
    ('MODIFIER_NW_ETERNAL_RB_LVL_CAMPUS',               'Amount', '8'),
    ('MODIFIER_NW_ETERNAL_RB_LVL_SEOWON',               'DistrictType', 'DISTRICT_SEOWON'),
    ('MODIFIER_NW_ETERNAL_RB_LVL_SEOWON',               'Amount', '8'),
    ('MODIFIER_NW_ETERNAL_RB_LVL_HARBOR',               'DistrictType', 'DISTRICT_HARBOR'),
    ('MODIFIER_NW_ETERNAL_RB_LVL_HARBOR',               'Amount', '8'),
    ('MODIFIER_NW_ETERNAL_RB_LVL_ROYAL_NAVY',           'DistrictType', 'DISTRICT_ROYAL_NAVY_DOCKYARD'),
    ('MODIFIER_NW_ETERNAL_RB_LVL_ROYAL_NAVY',           'Amount', '8'),
    ('MODIFIER_NW_ETERNAL_RB_LVL_COTHON',               'DistrictType', 'DISTRICT_COTHON'),
    ('MODIFIER_NW_ETERNAL_RB_LVL_COTHON',               'Amount', '8'),
    ('MODIFIER_NW_ETERNAL_RB_LVL_SPACEPORT',            'DistrictType', 'DISTRICT_SPACEPORT'),
    ('MODIFIER_NW_ETERNAL_RB_LVL_SPACEPORT',            'Amount', '8'),
    ('MODIFIER_NW_ETERNAL_RB_LVL_NATIONAL_PARK',        'Amount', '8'),
    ('MODIFIER_NW_ETERNAL_RB_LVL_NATURAL_WONDER',       'Amount', '8'),
    ('MODIFIER_NW_ETERNAL_RB_LVL_BEACH_RESORT',         'ImprovementType', 'IMPROVEMENT_BEACH_RESORT'),
    ('MODIFIER_NW_ETERNAL_RB_LVL_BEACH_RESORT',         'Amount', '8');

-- 解锁特殊场地演出（国家公园 / 自然奇观 / 航天港 / 海滩度假村）
INSERT OR IGNORE INTO Modifiers (ModifierId, ModifierType) VALUES
    ('MODIFIER_NW_ETERNAL_RB_TB_NATIONAL_PARK',  'MODIFIER_PLAYER_UNIT_ADJUST_TOURISM_BOMB_NATIONAL_PARK'),
    ('MODIFIER_NW_ETERNAL_RB_TB_NATURAL_WONDER', 'MODIFIER_PLAYER_UNIT_ADJUST_TOURISM_BOMB_NATURAL_WONDER'),
    ('MODIFIER_NW_ETERNAL_RB_TB_SPACEPORT',      'MODIFIER_PLAYER_UNIT_ADJUST_TOURISM_BOMB_DISTRICT'),
    ('MODIFIER_NW_ETERNAL_RB_TB_BEACH_RESORT',   'MODIFIER_PLAYER_UNIT_ADJUST_TOURISM_BOMB_IMPROVEMENT');

INSERT OR IGNORE INTO ModifierArguments (ModifierId, Name, Value) VALUES
    ('MODIFIER_NW_ETERNAL_RB_TB_NATIONAL_PARK',  'Amount', '1000'),
    ('MODIFIER_NW_ETERNAL_RB_TB_NATURAL_WONDER', 'Amount', '1000'),
    ('MODIFIER_NW_ETERNAL_RB_TB_SPACEPORT',      'DistrictType', 'DISTRICT_SPACEPORT'),
    ('MODIFIER_NW_ETERNAL_RB_TB_SPACEPORT',      'Amount', '500'),
    ('MODIFIER_NW_ETERNAL_RB_TB_BEACH_RESORT',   'ImprovementType', 'IMPROVEMENT_BEACH_RESORT'),
    ('MODIFIER_NW_ETERNAL_RB_TB_BEACH_RESORT',   'Amount', '500');

INSERT OR IGNORE INTO UnitAbilityModifiers (UnitAbilityType, ModifierId) VALUES
    ('ABILITY_NW_ETERNAL_ROCK_BAND', 'MODIFIER_NW_ETERNAL_RB_LVL_WONDER'),
    ('ABILITY_NW_ETERNAL_ROCK_BAND', 'MODIFIER_NW_ETERNAL_RB_LVL_THEATER'),
    ('ABILITY_NW_ETERNAL_ROCK_BAND', 'MODIFIER_NW_ETERNAL_RB_LVL_ACROPOLIS'),
    ('ABILITY_NW_ETERNAL_ROCK_BAND', 'MODIFIER_NW_ETERNAL_RB_LVL_ENTERTAINMENT'),
    ('ABILITY_NW_ETERNAL_ROCK_BAND', 'MODIFIER_NW_ETERNAL_RB_LVL_STREET_CARNIVAL'),
    ('ABILITY_NW_ETERNAL_ROCK_BAND', 'MODIFIER_NW_ETERNAL_RB_LVL_HIPPODROME'),
    ('ABILITY_NW_ETERNAL_ROCK_BAND', 'MODIFIER_NW_ETERNAL_RB_LVL_WATER_ENTERTAINMENT'),
    ('ABILITY_NW_ETERNAL_ROCK_BAND', 'MODIFIER_NW_ETERNAL_RB_LVL_WATER_STREET_CARNIVAL'),
    ('ABILITY_NW_ETERNAL_ROCK_BAND', 'MODIFIER_NW_ETERNAL_RB_LVL_CAMPUS'),
    ('ABILITY_NW_ETERNAL_ROCK_BAND', 'MODIFIER_NW_ETERNAL_RB_LVL_SEOWON'),
    ('ABILITY_NW_ETERNAL_ROCK_BAND', 'MODIFIER_NW_ETERNAL_RB_LVL_HARBOR'),
    ('ABILITY_NW_ETERNAL_ROCK_BAND', 'MODIFIER_NW_ETERNAL_RB_LVL_ROYAL_NAVY'),
    ('ABILITY_NW_ETERNAL_ROCK_BAND', 'MODIFIER_NW_ETERNAL_RB_LVL_COTHON'),
    ('ABILITY_NW_ETERNAL_ROCK_BAND', 'MODIFIER_NW_ETERNAL_RB_LVL_SPACEPORT'),
    ('ABILITY_NW_ETERNAL_ROCK_BAND', 'MODIFIER_NW_ETERNAL_RB_LVL_NATIONAL_PARK'),
    ('ABILITY_NW_ETERNAL_ROCK_BAND', 'MODIFIER_NW_ETERNAL_RB_LVL_NATURAL_WONDER'),
    ('ABILITY_NW_ETERNAL_ROCK_BAND', 'MODIFIER_NW_ETERNAL_RB_LVL_BEACH_RESORT'),
    ('ABILITY_NW_ETERNAL_ROCK_BAND', 'MODIFIER_NW_ETERNAL_RB_TB_NATIONAL_PARK'),
    ('ABILITY_NW_ETERNAL_ROCK_BAND', 'MODIFIER_NW_ETERNAL_RB_TB_NATURAL_WONDER'),
    ('ABILITY_NW_ETERNAL_ROCK_BAND', 'MODIFIER_NW_ETERNAL_RB_TB_SPACEPORT'),
    ('ABILITY_NW_ETERNAL_ROCK_BAND', 'MODIFIER_NW_ETERNAL_RB_TB_BEACH_RESORT');

-- 首都赠送 1 只
INSERT OR IGNORE INTO Modifiers
    (ModifierId, ModifierType, RunOnce, Permanent, NewOnly, SubjectStackLimit) VALUES
    ('MODIFIER_NW_ETERNAL_RB_GRANT_EFFECT',
     'MODIFIER_SINGLE_CITY_GRANT_UNIT_IN_CITY', 1, 1, 0, 1);
INSERT OR IGNORE INTO ModifierArguments (ModifierId, Name, Value) VALUES
    ('MODIFIER_NW_ETERNAL_RB_GRANT_EFFECT', 'UnitType',            'UNIT_NW_ETERNAL_ROCK_BAND'),
    ('MODIFIER_NW_ETERNAL_RB_GRANT_EFFECT', 'Amount',              '1'),
    ('MODIFIER_NW_ETERNAL_RB_GRANT_EFFECT', 'AllowUniqueOverride', 'false');

INSERT OR IGNORE INTO Modifiers
    (ModifierId, ModifierType, SubjectRequirementSetId, SubjectStackLimit) VALUES
    ('MODIFIER_NW_ETERNAL_RB_GRANT',
     'MODIFIER_PLAYER_CITIES_ATTACH_MODIFIER', 'NW_CITY_HAS_BUILDING_PALACE', 1);
INSERT OR IGNORE INTO ModifierArguments (ModifierId, Name, Value) VALUES
    ('MODIFIER_NW_ETERNAL_RB_GRANT', 'ModifierId', 'MODIFIER_NW_ETERNAL_RB_GRANT_EFFECT');

INSERT INTO Haikesi_Relic_Modifiers (RelicType, ModifierId) VALUES
    ('ETERNALBANDRUNE', 'MODIFIER_NW_ETERNAL_RB_GRANT');

-- ===========================================================================
-- 德古拉 (DRACULARUNE): 立即在首都获得 3 个吸血鬼（秘密结社 UNIT_VAMPIRE）
-- 复用官方 MODIFIER_PLAYER_GRANT_UNIT_IN_CAPITAL（与 SECRET_SOCIETY_GRANT_VAMPIRE 同型）
-- 图标暂借未实装 OMINOUSPACTRUNE，不改写占位
-- ===========================================================================
INSERT OR IGNORE INTO Modifiers (ModifierId, ModifierType, RunOnce, Permanent)
    VALUES ('MODIFIER_NW_DRACULA_GRANT_VAMPIRES', 'MODIFIER_PLAYER_GRANT_UNIT_IN_CAPITAL', 1, 1);
INSERT OR IGNORE INTO ModifierArguments (ModifierId, Name, Value) VALUES
    ('MODIFIER_NW_DRACULA_GRANT_VAMPIRES', 'UnitType',            'UNIT_VAMPIRE'),
    ('MODIFIER_NW_DRACULA_GRANT_VAMPIRES', 'Amount',              '3'),
    ('MODIFIER_NW_DRACULA_GRANT_VAMPIRES', 'AllowUniqueOverride', 'false');

INSERT INTO Haikesi_Relic_Modifiers (RelicType, ModifierId) VALUES
    ('DRACULARUNE', 'MODIFIER_NW_DRACULA_GRANT_VAMPIRES');

-- ===========================================================================
-- 种地仙人 (FARMIMMORTALRUNE): 首都赠送 1 名特殊建造者
-- 挂 CLASS_BUILDER 以吃金字塔/农奴制等建造次数修正；另可种植白名单资源
-- 图标暂借未实装 WATCHOUTGRAPEFRUITRUNE；种植 UI/白名单见 Haikesi_Planter.sql
-- ===========================================================================
INSERT OR IGNORE INTO Types (Type, Kind) VALUES
    ('UNIT_NW_FARM_IMMORTAL',       'KIND_UNIT'),
    ('ABILITY_NW_FARM_IMMORTAL',    'KIND_ABILITY'),
    ('TRAIT_NW_FARM_IMMORTAL_LOCK', 'KIND_TRAIT');

INSERT OR IGNORE INTO Traits (TraitType, Name, Description, InternalOnly) VALUES
    ('TRAIT_NW_FARM_IMMORTAL_LOCK',
     'LOC_UNIT_NW_FARM_IMMORTAL_NAME',
     'LOC_UNIT_NW_FARM_IMMORTAL_DESCRIPTION',
     1);

INSERT OR IGNORE INTO Tags (Tag, Vocabulary) VALUES
    ('CLASS_NW_FARM_IMMORTAL', 'ABILITY_CLASS');

INSERT OR IGNORE INTO TypeTags (Type, Tag) VALUES
    ('UNIT_NW_FARM_IMMORTAL',    'CLASS_BUILDER'),
    ('UNIT_NW_FARM_IMMORTAL',    'CLASS_LANDCIVILIAN'),
    ('UNIT_NW_FARM_IMMORTAL',    'CLASS_NW_FARM_IMMORTAL'),
    ('ABILITY_NW_FARM_IMMORTAL', 'CLASS_NW_FARM_IMMORTAL');

INSERT OR IGNORE INTO Units (
    UnitType, Name, Description,
    Cost, Maintenance, BaseMoves, BaseSightRange, ZoneOfControl,
    Domain, FormationClass, AdvisorType, BuildCharges,
    PurchaseYield, MustPurchase, TraitType
) VALUES (
    'UNIT_NW_FARM_IMMORTAL',
    'LOC_UNIT_NW_FARM_IMMORTAL_NAME',
    'LOC_UNIT_NW_FARM_IMMORTAL_DESCRIPTION',
    0, 1, 2, 2, 0,
    'DOMAIN_LAND', 'FORMATION_CLASS_CIVILIAN', 'ADVISOR_GENERIC', 3,
    'YIELD_GOLD', 1, 'TRAIT_NW_FARM_IMMORTAL_LOCK'
);

-- 可建造原版建造者能造的改良
INSERT OR IGNORE INTO Improvement_ValidBuildUnits (ImprovementType, UnitType)
SELECT ImprovementType, 'UNIT_NW_FARM_IMMORTAL'
FROM Improvement_ValidBuildUnits
WHERE UnitType = 'UNIT_BUILDER';

INSERT OR IGNORE INTO UnitAbilities (UnitAbilityType, Name, Description, Inactive) VALUES
    ('ABILITY_NW_FARM_IMMORTAL',
     'LOC_UNIT_NW_FARM_IMMORTAL_NAME',
     'LOC_ABILITY_NW_FARM_IMMORTAL_DESCRIPTION', 0);

-- 首都赠送 1 名
INSERT OR IGNORE INTO Modifiers
    (ModifierId, ModifierType, RunOnce, Permanent, NewOnly, SubjectStackLimit) VALUES
    ('MODIFIER_NW_FARM_IMMORTAL_GRANT_EFFECT',
     'MODIFIER_SINGLE_CITY_GRANT_UNIT_IN_CITY', 1, 1, 0, 1);
INSERT OR IGNORE INTO ModifierArguments (ModifierId, Name, Value) VALUES
    ('MODIFIER_NW_FARM_IMMORTAL_GRANT_EFFECT', 'UnitType',            'UNIT_NW_FARM_IMMORTAL'),
    ('MODIFIER_NW_FARM_IMMORTAL_GRANT_EFFECT', 'Amount',              '1'),
    ('MODIFIER_NW_FARM_IMMORTAL_GRANT_EFFECT', 'AllowUniqueOverride', 'false');

INSERT OR IGNORE INTO Modifiers
    (ModifierId, ModifierType, SubjectRequirementSetId, SubjectStackLimit) VALUES
    ('MODIFIER_NW_FARM_IMMORTAL_GRANT',
     'MODIFIER_PLAYER_CITIES_ATTACH_MODIFIER', 'NW_CITY_HAS_BUILDING_PALACE', 1);
INSERT OR IGNORE INTO ModifierArguments (ModifierId, Name, Value) VALUES
    ('MODIFIER_NW_FARM_IMMORTAL_GRANT', 'ModifierId', 'MODIFIER_NW_FARM_IMMORTAL_GRANT_EFFECT');

INSERT INTO Haikesi_Relic_Modifiers (RelicType, ModifierId) VALUES
    ('FARMIMMORTALRUNE', 'MODIFIER_NW_FARM_IMMORTAL_GRANT');

-- ===========================================================================
-- 掌上明猪 (PEARLPIGRUNE): 首都赠送 1 名「娟」
-- 娟：民用支援单位（猪鼻单位图标 / 3D 复用大将军）；光环抄大将军 AOE——周围 3 格己方单位 +1 移动力
-- 卡面图标暂借未实装 OTTERANDFRIENDSRUNE，不改写占位
-- ===========================================================================
INSERT OR IGNORE INTO Types (Type, Kind) VALUES
    ('UNIT_NW_JUAN',              'KIND_UNIT'),
    ('ABILITY_NW_JUAN',           'KIND_ABILITY'),
    ('ABILITY_NW_JUAN_MOVEMENT',  'KIND_ABILITY'),
    ('TRAIT_NW_JUAN_LOCK',        'KIND_TRAIT');

INSERT OR IGNORE INTO Traits (TraitType, Name, Description, InternalOnly) VALUES
    ('TRAIT_NW_JUAN_LOCK',
     'LOC_UNIT_NW_JUAN_NAME',
     'LOC_UNIT_NW_JUAN_DESCRIPTION',
     1);

INSERT OR IGNORE INTO Tags (Tag, Vocabulary) VALUES
    ('CLASS_NW_JUAN', 'ABILITY_CLASS');

INSERT OR IGNORE INTO TypeTags (Type, Tag) VALUES
    ('UNIT_NW_JUAN',             'CLASS_LANDCIVILIAN'),
    ('UNIT_NW_JUAN',             'CLASS_NW_JUAN'),
    ('ABILITY_NW_JUAN',          'CLASS_NW_JUAN'),
    ('ABILITY_NW_JUAN_MOVEMENT', 'CLASS_ALL_UNITS');

INSERT OR IGNORE INTO Units (
    UnitType, Name, Description,
    Cost, Maintenance, BaseMoves, BaseSightRange, ZoneOfControl,
    Domain, FormationClass, AdvisorType,
    PurchaseYield, MustPurchase, TraitType,
    CanCapture, CanRetreatWhenCaptured
) VALUES (
    'UNIT_NW_JUAN',
    'LOC_UNIT_NW_JUAN_NAME',
    'LOC_UNIT_NW_JUAN_DESCRIPTION',
    0, 0, 4, 2, 0,
    'DOMAIN_LAND', 'FORMATION_CLASS_CIVILIAN', 'ADVISOR_CONQUEST',
    'YIELD_GOLD', 1, 'TRAIT_NW_JUAN_LOCK',
    0, 1
);

INSERT OR IGNORE INTO UnitAbilities (UnitAbilityType, Name, Description, Inactive) VALUES
    ('ABILITY_NW_JUAN',
     'LOC_UNIT_NW_JUAN_NAME',
     'LOC_ABILITY_NW_JUAN_DESCRIPTION', 0),
    ('ABILITY_NW_JUAN_MOVEMENT',
     'LOC_ABILITY_NW_JUAN_MOVEMENT_NAME',
     'LOC_ABILITY_NW_JUAN_MOVEMENT_DESCRIPTION', 1);

-- 光环：己方单位在娟周围 0–3 格时获得移动力 Ability（大将军 AOE 范式）
INSERT OR IGNORE INTO Requirements (RequirementId, RequirementType)
    VALUES ('NW_REQUIRES_JUAN_WITHIN_3', 'REQUIREMENT_PLOT_ADJACENT_TO_OWNER');
INSERT OR IGNORE INTO RequirementArguments (RequirementId, Name, Value) VALUES
    ('NW_REQUIRES_JUAN_WITHIN_3', 'MinDistance', '0'),
    ('NW_REQUIRES_JUAN_WITHIN_3', 'MaxDistance', '3');

INSERT OR IGNORE INTO RequirementSets (RequirementSetId, RequirementSetType)
    VALUES ('NW_JUAN_AOE_REQUIREMENTS', 'REQUIREMENTSET_TEST_ALL');
INSERT OR IGNORE INTO RequirementSetRequirements (RequirementSetId, RequirementId)
    VALUES ('NW_JUAN_AOE_REQUIREMENTS', 'NW_REQUIRES_JUAN_WITHIN_3');

INSERT OR IGNORE INTO Modifiers (ModifierId, ModifierType)
    VALUES ('MODIFIER_NW_JUAN_MOVEMENT', 'MODIFIER_PLAYER_UNIT_ADJUST_MOVEMENT');
INSERT OR IGNORE INTO ModifierArguments (ModifierId, Name, Value)
    VALUES ('MODIFIER_NW_JUAN_MOVEMENT', 'Amount', '1');
INSERT OR IGNORE INTO UnitAbilityModifiers (UnitAbilityType, ModifierId)
    VALUES ('ABILITY_NW_JUAN_MOVEMENT', 'MODIFIER_NW_JUAN_MOVEMENT');

INSERT OR IGNORE INTO Modifiers (ModifierId, ModifierType, SubjectRequirementSetId)
    VALUES ('MODIFIER_NW_JUAN_AOE_GRANT', 'MODIFIER_PLAYER_UNITS_GRANT_ABILITY', 'NW_JUAN_AOE_REQUIREMENTS');
INSERT OR IGNORE INTO ModifierArguments (ModifierId, Name, Value)
    VALUES ('MODIFIER_NW_JUAN_AOE_GRANT', 'AbilityType', 'ABILITY_NW_JUAN_MOVEMENT');
INSERT OR IGNORE INTO UnitAbilityModifiers (UnitAbilityType, ModifierId)
    VALUES ('ABILITY_NW_JUAN', 'MODIFIER_NW_JUAN_AOE_GRANT');

-- 首都赠送 1 名娟
INSERT OR IGNORE INTO Modifiers
    (ModifierId, ModifierType, RunOnce, Permanent, NewOnly, SubjectStackLimit) VALUES
    ('MODIFIER_NW_JUAN_GRANT_EFFECT',
     'MODIFIER_SINGLE_CITY_GRANT_UNIT_IN_CITY', 1, 1, 0, 1);
INSERT OR IGNORE INTO ModifierArguments (ModifierId, Name, Value) VALUES
    ('MODIFIER_NW_JUAN_GRANT_EFFECT', 'UnitType',            'UNIT_NW_JUAN'),
    ('MODIFIER_NW_JUAN_GRANT_EFFECT', 'Amount',              '1'),
    ('MODIFIER_NW_JUAN_GRANT_EFFECT', 'AllowUniqueOverride', 'false');

INSERT OR IGNORE INTO Modifiers
    (ModifierId, ModifierType, SubjectRequirementSetId, SubjectStackLimit) VALUES
    ('MODIFIER_NW_JUAN_GRANT',
     'MODIFIER_PLAYER_CITIES_ATTACH_MODIFIER', 'NW_CITY_HAS_BUILDING_PALACE', 1);
INSERT OR IGNORE INTO ModifierArguments (ModifierId, Name, Value) VALUES
    ('MODIFIER_NW_JUAN_GRANT', 'ModifierId', 'MODIFIER_NW_JUAN_GRANT_EFFECT');

INSERT INTO Haikesi_Relic_Modifiers (RelicType, ModifierId) VALUES
    ('PEARLPIGRUNE', 'MODIFIER_NW_JUAN_GRANT');

-- ===========================================================================
-- 高翔导航 (HIGHFLIGHTNAVRUNE): 首都赠送 1 名「翔」
-- 翔：可捕获民用支援单位（3D 复用补给车队/医疗兵线）；3 环内交战非友军 -1 移动力
-- 机制: Varu 同款 ALL_UNITS_ATTACH_MODIFIER + MODIFIER_PLAYER_UNIT_ADJUST_MOVEMENT
-- 卡面图标暂借 PANDORASBOXRUNE，不改写占位
-- ===========================================================================
INSERT OR IGNORE INTO Types (Type, Kind) VALUES
    ('UNIT_NW_XIANG',              'KIND_UNIT'),
    ('ABILITY_NW_XIANG',           'KIND_ABILITY'),
    ('ABILITY_NW_XIANG_ENEMY_SLOW','KIND_ABILITY'),
    ('TRAIT_NW_XIANG_LOCK',        'KIND_TRAIT');

INSERT OR IGNORE INTO Traits (TraitType, Name, Description, InternalOnly) VALUES
    ('TRAIT_NW_XIANG_LOCK',
     'LOC_UNIT_NW_XIANG_NAME',
     'LOC_UNIT_NW_XIANG_DESCRIPTION',
     1);

INSERT OR IGNORE INTO Tags (Tag, Vocabulary) VALUES
    ('CLASS_NW_XIANG', 'ABILITY_CLASS');

INSERT OR IGNORE INTO TypeTags (Type, Tag) VALUES
    ('UNIT_NW_XIANG',              'CLASS_LANDCIVILIAN'),
    ('UNIT_NW_XIANG',              'CLASS_NW_XIANG'),
    ('ABILITY_NW_XIANG',           'CLASS_NW_XIANG');

INSERT OR IGNORE INTO Units (
    UnitType, Name, Description,
    Cost, Maintenance, BaseMoves, BaseSightRange, ZoneOfControl,
    Domain, FormationClass, AdvisorType,
    PurchaseYield, MustPurchase, TraitType,
    CanCapture, CanRetreatWhenCaptured
) VALUES (
    'UNIT_NW_XIANG',
    'LOC_UNIT_NW_XIANG_NAME',
    'LOC_UNIT_NW_XIANG_DESCRIPTION',
    0, 0, 4, 2, 0,
    'DOMAIN_LAND', 'FORMATION_CLASS_CIVILIAN', 'ADVISOR_CONQUEST',
    'YIELD_GOLD', 1, 'TRAIT_NW_XIANG_LOCK',
    0, 0
);
-- 旧存档/误配：翔应可被捕获（非娟式回城）；CanCapture=0 表示不能占城
UPDATE Units SET CanCapture = 0, CanRetreatWhenCaptured = 0
    WHERE UnitType = 'UNIT_NW_XIANG';

INSERT OR IGNORE INTO UnitCaptures (CapturedUnitType, BecomesUnitType) VALUES
    ('UNIT_NW_XIANG', 'UNIT_NW_XIANG');

INSERT OR IGNORE INTO UnitAiInfos (UnitType, AiType) VALUES
    ('UNIT_NW_XIANG', 'UNITTYPE_CIVILIAN');

INSERT OR IGNORE INTO UnitAbilities (UnitAbilityType, Name, Description, Inactive) VALUES
    ('ABILITY_NW_XIANG',
     'LOC_UNIT_NW_XIANG_NAME',
     'LOC_ABILITY_NW_XIANG_DESCRIPTION', 0);

-- 机制: Varu 同款 ALL_UNITS_ATTACH_MODIFIER → 敌单位直接挂 MODIFIER_PLAYER_UNIT_ADJUST_MOVEMENT
-- 原版不存在 MODIFIER_UNIT_ADJUST_MOVEMENT；GRANT_ABILITY 对敌单位 PLAYER_UNIT 上下文错位（有预览无效果）
INSERT OR IGNORE INTO Modifiers (ModifierId, ModifierType) VALUES
    ('MODIFIER_NW_XIANG_ENEMY_SLOW_MOV', 'MODIFIER_PLAYER_UNIT_ADJUST_MOVEMENT');
UPDATE Modifiers SET ModifierType = 'MODIFIER_PLAYER_UNIT_ADJUST_MOVEMENT'
    WHERE ModifierId = 'MODIFIER_NW_XIANG_ENEMY_SLOW_MOV';
INSERT OR IGNORE INTO ModifierArguments (ModifierId, Name, Value) VALUES
    ('MODIFIER_NW_XIANG_ENEMY_SLOW_MOV', 'Amount', '-1');
INSERT OR IGNORE INTO ModifierStrings (ModifierId, Context, Text) VALUES
    ('MODIFIER_NW_XIANG_ENEMY_SLOW_MOV', 'Preview', 'LOC_ABILITY_NW_XIANG_ENEMY_SLOW_DESCRIPTION');

-- 距离: MinDistance=1（Varu 同款；0 对 AT_WAR 无效）；MaxDistance=3
INSERT OR IGNORE INTO Requirements (RequirementId, RequirementType) VALUES
    ('NW_REQUIRES_XIANG_AT_WAR_AOE', 'REQUIREMENT_PLOT_ADJACENT_TO_OWNER_AT_WAR');
INSERT OR IGNORE INTO RequirementArguments (RequirementId, Name, Value) VALUES
    ('NW_REQUIRES_XIANG_AT_WAR_AOE', 'MinDistance', '1'),
    ('NW_REQUIRES_XIANG_AT_WAR_AOE', 'MaxDistance', '3');
UPDATE RequirementArguments SET Value = '1'
    WHERE RequirementId = 'NW_REQUIRES_XIANG_AT_WAR_AOE' AND Name = 'MinDistance';
UPDATE RequirementArguments SET Value = '3'
    WHERE RequirementId = 'NW_REQUIRES_XIANG_AT_WAR_AOE' AND Name = 'MaxDistance';

INSERT OR IGNORE INTO Requirements (RequirementId, RequirementType, Inverse) VALUES
    ('NW_REQUIRES_XIANG_NOT_TEAM', 'REQUIREMENT_PLAYER_IS_TEAM_MEMBER', 1);

INSERT OR IGNORE INTO RequirementSets (RequirementSetId, RequirementSetType) VALUES
    ('NW_XIANG_ENEMY_AOE_REQUIREMENTS', 'REQUIREMENTSET_TEST_ALL');
INSERT OR IGNORE INTO RequirementSetRequirements (RequirementSetId, RequirementId) VALUES
    ('NW_XIANG_ENEMY_AOE_REQUIREMENTS', 'NW_REQUIRES_XIANG_AT_WAR_AOE'),
    ('NW_XIANG_ENEMY_AOE_REQUIREMENTS', 'NW_REQUIRES_XIANG_NOT_TEAM');

INSERT OR IGNORE INTO Modifiers (ModifierId, ModifierType, SubjectRequirementSetId, SubjectStackLimit) VALUES
    ('MODIFIER_NW_XIANG_ENEMY_SLOW', 'MODIFIER_ALL_UNITS_ATTACH_MODIFIER', 'NW_XIANG_ENEMY_AOE_REQUIREMENTS', 1);
UPDATE Modifiers SET ModifierType = 'MODIFIER_ALL_UNITS_ATTACH_MODIFIER',
    SubjectRequirementSetId = 'NW_XIANG_ENEMY_AOE_REQUIREMENTS',
    SubjectStackLimit = 1
    WHERE ModifierId = 'MODIFIER_NW_XIANG_ENEMY_SLOW';
INSERT OR IGNORE INTO ModifierArguments (ModifierId, Name, Value) VALUES
    ('MODIFIER_NW_XIANG_ENEMY_SLOW', 'ModifierId', 'MODIFIER_NW_XIANG_ENEMY_SLOW_MOV');
UPDATE ModifierArguments SET Value = 'MODIFIER_NW_XIANG_ENEMY_SLOW_MOV'
    WHERE ModifierId = 'MODIFIER_NW_XIANG_ENEMY_SLOW' AND Name = 'ModifierId';
DELETE FROM ModifierArguments
    WHERE ModifierId = 'MODIFIER_NW_XIANG_ENEMY_SLOW' AND Name = 'AbilityType';

DELETE FROM UnitAbilityModifiers
    WHERE UnitAbilityType = 'ABILITY_NW_XIANG_ENEMY_SLOW';
DELETE FROM UnitAbilityModifiers
    WHERE UnitAbilityType = 'ABILITY_NW_XIANG'
      AND ModifierId IN ('MODIFIER_NW_XIANG_ENEMY_GRANT', 'MODIFIER_NW_XIANG_ENEMY_SLOW');
INSERT OR IGNORE INTO UnitAbilityModifiers (UnitAbilityType, ModifierId) VALUES
    ('ABILITY_NW_XIANG', 'MODIFIER_NW_XIANG_ENEMY_SLOW');

-- 首都赠送 1 名翔
INSERT OR IGNORE INTO Modifiers
    (ModifierId, ModifierType, RunOnce, Permanent, NewOnly, SubjectStackLimit) VALUES
    ('MODIFIER_NW_XIANG_GRANT_EFFECT',
     'MODIFIER_SINGLE_CITY_GRANT_UNIT_IN_CITY', 1, 1, 0, 1);
INSERT OR IGNORE INTO ModifierArguments (ModifierId, Name, Value) VALUES
    ('MODIFIER_NW_XIANG_GRANT_EFFECT', 'UnitType',            'UNIT_NW_XIANG'),
    ('MODIFIER_NW_XIANG_GRANT_EFFECT', 'Amount',              '1'),
    ('MODIFIER_NW_XIANG_GRANT_EFFECT', 'AllowUniqueOverride', 'false');

INSERT OR IGNORE INTO Modifiers
    (ModifierId, ModifierType, SubjectRequirementSetId, SubjectStackLimit) VALUES
    ('MODIFIER_NW_XIANG_GRANT',
     'MODIFIER_PLAYER_CITIES_ATTACH_MODIFIER', 'NW_CITY_HAS_BUILDING_PALACE', 1);
INSERT OR IGNORE INTO ModifierArguments (ModifierId, Name, Value) VALUES
    ('MODIFIER_NW_XIANG_GRANT', 'ModifierId', 'MODIFIER_NW_XIANG_GRANT_EFFECT');

INSERT INTO Haikesi_Relic_Modifiers (RelicType, ModifierId) VALUES
    ('HIGHFLIGHTNAVRUNE', 'MODIFIER_NW_XIANG_GRANT');

-- ===========================================================================
-- 世外桃源 (SHANGRILARUNE): 全城地块 +1 魅力；惊艳（魅力≥4）地块 +1 生产力
-- 产量侧抄大地女神 GS（CITY_PLOT_YIELDS + PLOT_BREATHTAKING / MinimumAppeal=4）
-- ===========================================================================
INSERT OR IGNORE INTO Requirements (RequirementId, RequirementType)
    VALUES ('NW_REQUIRES_PLOT_APPEAL_GE_4', 'REQUIREMENT_PLOT_IS_APPEAL_BETWEEN');
INSERT OR IGNORE INTO RequirementArguments (RequirementId, Name, Value)
    VALUES ('NW_REQUIRES_PLOT_APPEAL_GE_4', 'MinimumAppeal', '4');

INSERT OR IGNORE INTO RequirementSets (RequirementSetId, RequirementSetType)
    VALUES ('NW_PLOT_APPEAL_GE_4', 'REQUIREMENTSET_TEST_ALL');
INSERT OR IGNORE INTO RequirementSetRequirements (RequirementSetId, RequirementId)
    VALUES ('NW_PLOT_APPEAL_GE_4', 'NW_REQUIRES_PLOT_APPEAL_GE_4');

-- 所有城市地块 +1 魅力（埃菲尔同款）
INSERT OR IGNORE INTO Modifiers (ModifierId, ModifierType)
    VALUES ('MODIFIER_NW_SHANGRILA_APPEAL', 'MODIFIER_PLAYER_CITIES_ADJUST_CITY_APPEAL');
INSERT OR IGNORE INTO ModifierArguments (ModifierId, Name, Value)
    VALUES ('MODIFIER_NW_SHANGRILA_APPEAL', 'Amount', '1');

-- 内层：城内地块产量；外层：挂到玩家所有城市
INSERT OR IGNORE INTO Modifiers (ModifierId, ModifierType, SubjectRequirementSetId)
    VALUES ('MODIFIER_NW_SHANGRILA_PROD_PLOT',
            'MODIFIER_CITY_PLOT_YIELDS_ADJUST_PLOT_YIELD',
            'NW_PLOT_APPEAL_GE_4');
INSERT OR IGNORE INTO ModifierArguments (ModifierId, Name, Value) VALUES
    ('MODIFIER_NW_SHANGRILA_PROD_PLOT', 'YieldType', 'YIELD_PRODUCTION'),
    ('MODIFIER_NW_SHANGRILA_PROD_PLOT', 'Amount',    '1');

INSERT OR IGNORE INTO Modifiers (ModifierId, ModifierType)
    VALUES ('MODIFIER_NW_SHANGRILA_PROD', 'MODIFIER_PLAYER_CITIES_ATTACH_MODIFIER');
INSERT OR IGNORE INTO ModifierArguments (ModifierId, Name, Value)
    VALUES ('MODIFIER_NW_SHANGRILA_PROD', 'ModifierId', 'MODIFIER_NW_SHANGRILA_PROD_PLOT');

INSERT INTO Haikesi_Relic_Modifiers (RelicType, ModifierId) VALUES
    ('SHANGRILARUNE', 'MODIFIER_NW_SHANGRILA_APPEAL'),
    ('SHANGRILARUNE', 'MODIFIER_NW_SHANGRILA_PROD');

-- ===========================================================================
-- 憨豆特工 (BEANAGENTRUNE): 首都赠送 1 名「憨豆」（带晋升的间谍）
-- 进攻任务成功等级 -4；憨豆 Ability 在己方反间谍城 +3 宜居（仅 UNIT_NW_BEAN）
-- 卡面图标暂借未实装 TAPDANCERUNE，不改写占位
-- ===========================================================================
INSERT OR IGNORE INTO Types (Type, Kind) VALUES
    ('UNIT_NW_BEAN',                              'KIND_UNIT'),
    ('ABILITY_NW_BEAN',                           'KIND_ABILITY'),
    ('TRAIT_NW_BEAN_LOCK',                        'KIND_TRAIT'),
    ('MODIFIER_NW_UNIT_NEAREST_CITY_TRAIT_AMENITY', 'KIND_MODIFIER');

-- 单位 Ability → 最近己方城市 +TRAIT_AMENITY（仅憨豆本体有 Ability，普通间谍无）
INSERT OR IGNORE INTO DynamicModifiers (ModifierType, CollectionType, EffectType) VALUES
    ('MODIFIER_NW_UNIT_NEAREST_CITY_TRAIT_AMENITY',
     'COLLECTION_UNIT_NEAREST_OWNER_CITY',
     'EFFECT_ADJUST_TRAIT_AMENITY');

INSERT OR IGNORE INTO Traits (TraitType, Name, Description, InternalOnly) VALUES
    ('TRAIT_NW_BEAN_LOCK',
     'LOC_UNIT_NW_BEAN_NAME',
     'LOC_UNIT_NW_BEAN_DESCRIPTION',
     1);

INSERT OR IGNORE INTO Tags (Tag, Vocabulary) VALUES
    ('CLASS_NW_BEAN', 'ABILITY_CLASS');

INSERT OR IGNORE INTO TypeTags (Type, Tag) VALUES
    ('UNIT_NW_BEAN',    'CLASS_SPY'),
    ('UNIT_NW_BEAN',    'CLASS_LANDCIVILIAN'),
    ('UNIT_NW_BEAN',    'CLASS_NW_BEAN'),
    ('ABILITY_NW_BEAN', 'CLASS_NW_BEAN');

INSERT OR IGNORE INTO Units (
    UnitType, Name, Description,
    Cost, Maintenance, BaseMoves, BaseSightRange, ZoneOfControl,
    Domain, FormationClass, PromotionClass, AdvisorType,
    CanCapture, PurchaseYield, MustPurchase, TraitType,
    IgnoreMoves, NumRandomChoices, InitialLevel, Spy, TeamVisibility
) VALUES (
    'UNIT_NW_BEAN',
    'LOC_UNIT_NW_BEAN_NAME',
    'LOC_UNIT_NW_BEAN_DESCRIPTION',
    0, 4, 1, 3, 0,
    'DOMAIN_LAND', 'FORMATION_CLASS_CIVILIAN', 'PROMOTION_CLASS_SPY', 'ADVISOR_TECHNOLOGY',
    0, 'YIELD_GOLD', 1, 'TRAIT_NW_BEAN_LOCK',
    1, 0, 2, 1, 1
);
-- NumRandomChoices=0：减少随机名干扰；类型名=特工，实例名由 UI NAME_UNIT → LOC_UNIT_NW_BEAN_INSTANCE_NAME（憨豆）
UPDATE Units SET NumRandomChoices = 0 WHERE UnitType = 'UNIT_NW_BEAN';

-- 原版间谍挂在 UnitAiInfos（非 UnitAiTypes；后者只有 AiType 定义）
INSERT OR IGNORE INTO UnitAiInfos (UnitType, AiType)
    VALUES ('UNIT_NW_BEAN', 'UNITTYPE_CIVILIAN');

INSERT OR IGNORE INTO UnitAbilities (UnitAbilityType, Name, Description, Inactive) VALUES
    ('ABILITY_NW_BEAN',
     'LOC_UNIT_NW_BEAN_NAME',
     'LOC_ABILITY_NW_BEAN_DESCRIPTION', 0);

-- 进攻任务成功等级 -4
INSERT OR IGNORE INTO Modifiers (ModifierId, ModifierType) VALUES
    ('MODIFIER_NW_BEAN_CHANCE_STEALTECH',   'MODIFIER_PLAYER_UNIT_ADJUST_SPY_OPERATION_CHANCE'),
    ('MODIFIER_NW_BEAN_CHANCE_SIPHON',      'MODIFIER_PLAYER_UNIT_ADJUST_SPY_OPERATION_CHANCE'),
    ('MODIFIER_NW_BEAN_CHANCE_SABOTAGE',    'MODIFIER_PLAYER_UNIT_ADJUST_SPY_OPERATION_CHANCE'),
    ('MODIFIER_NW_BEAN_CHANCE_HEIST',       'MODIFIER_PLAYER_UNIT_ADJUST_SPY_OPERATION_CHANCE'),
    ('MODIFIER_NW_BEAN_CHANCE_PARTISANS',   'MODIFIER_PLAYER_UNIT_ADJUST_SPY_OPERATION_CHANCE'),
    ('MODIFIER_NW_BEAN_CHANCE_ROCKETRY',    'MODIFIER_PLAYER_UNIT_ADJUST_SPY_OPERATION_CHANCE'),
    ('MODIFIER_NW_BEAN_CHANCE_UNREST',      'MODIFIER_PLAYER_UNIT_ADJUST_SPY_OPERATION_CHANCE'),
    ('MODIFIER_NW_BEAN_CHANCE_SCANDAL',     'MODIFIER_PLAYER_UNIT_ADJUST_SPY_OPERATION_CHANCE'),
    ('MODIFIER_NW_BEAN_CHANCE_GOVERNOR',    'MODIFIER_PLAYER_UNIT_ADJUST_SPY_OPERATION_CHANCE'),
    ('MODIFIER_NW_BEAN_CHANCE_BREACH_DAM',  'MODIFIER_PLAYER_UNIT_ADJUST_SPY_OPERATION_CHANCE');

INSERT OR IGNORE INTO ModifierArguments (ModifierId, Name, Value) VALUES
    ('MODIFIER_NW_BEAN_CHANCE_STEALTECH',  'OperationType', 'UNITOPERATION_SPY_STEAL_TECH_BOOST'),
    ('MODIFIER_NW_BEAN_CHANCE_STEALTECH',  'Offensive',     'true'),
    ('MODIFIER_NW_BEAN_CHANCE_STEALTECH',  'Amount',        '-4'),
    ('MODIFIER_NW_BEAN_CHANCE_SIPHON',     'OperationType', 'UNITOPERATION_SPY_SIPHON_FUNDS'),
    ('MODIFIER_NW_BEAN_CHANCE_SIPHON',     'Offensive',     'true'),
    ('MODIFIER_NW_BEAN_CHANCE_SIPHON',     'Amount',        '-4'),
    ('MODIFIER_NW_BEAN_CHANCE_SABOTAGE',   'OperationType', 'UNITOPERATION_SPY_SABOTAGE_PRODUCTION'),
    ('MODIFIER_NW_BEAN_CHANCE_SABOTAGE',   'Offensive',     'true'),
    ('MODIFIER_NW_BEAN_CHANCE_SABOTAGE',   'Amount',        '-4'),
    ('MODIFIER_NW_BEAN_CHANCE_HEIST',      'OperationType', 'UNITOPERATION_SPY_GREAT_WORK_HEIST'),
    ('MODIFIER_NW_BEAN_CHANCE_HEIST',      'Offensive',     'true'),
    ('MODIFIER_NW_BEAN_CHANCE_HEIST',      'Amount',        '-4'),
    ('MODIFIER_NW_BEAN_CHANCE_PARTISANS',  'OperationType', 'UNITOPERATION_SPY_RECRUIT_PARTISANS'),
    ('MODIFIER_NW_BEAN_CHANCE_PARTISANS',  'Offensive',     'true'),
    ('MODIFIER_NW_BEAN_CHANCE_PARTISANS',  'Amount',        '-4'),
    ('MODIFIER_NW_BEAN_CHANCE_ROCKETRY',   'OperationType', 'UNITOPERATION_SPY_DISRUPT_ROCKETRY'),
    ('MODIFIER_NW_BEAN_CHANCE_ROCKETRY',   'Offensive',     'true'),
    ('MODIFIER_NW_BEAN_CHANCE_ROCKETRY',   'Amount',        '-4'),
    ('MODIFIER_NW_BEAN_CHANCE_UNREST',     'OperationType', 'UNITOPERATION_SPY_FOMENT_UNREST'),
    ('MODIFIER_NW_BEAN_CHANCE_UNREST',     'Offensive',     'true'),
    ('MODIFIER_NW_BEAN_CHANCE_UNREST',     'Amount',        '-4'),
    ('MODIFIER_NW_BEAN_CHANCE_SCANDAL',    'OperationType', 'UNITOPERATION_SPY_FABRICATE_SCANDAL'),
    ('MODIFIER_NW_BEAN_CHANCE_SCANDAL',    'Offensive',     'true'),
    ('MODIFIER_NW_BEAN_CHANCE_SCANDAL',    'Amount',        '-4'),
    ('MODIFIER_NW_BEAN_CHANCE_GOVERNOR',   'OperationType', 'UNITOPERATION_SPY_NEUTRALIZE_GOVERNOR'),
    ('MODIFIER_NW_BEAN_CHANCE_GOVERNOR',   'Offensive',     'true'),
    ('MODIFIER_NW_BEAN_CHANCE_GOVERNOR',   'Amount',        '-4'),
    ('MODIFIER_NW_BEAN_CHANCE_BREACH_DAM', 'OperationType', 'UNITOPERATION_SPY_BREACH_DAM'),
    ('MODIFIER_NW_BEAN_CHANCE_BREACH_DAM', 'Offensive',     'true'),
    ('MODIFIER_NW_BEAN_CHANCE_BREACH_DAM', 'Amount',        '-4');

INSERT OR IGNORE INTO UnitAbilityModifiers (UnitAbilityType, ModifierId) VALUES
    ('ABILITY_NW_BEAN', 'MODIFIER_NW_BEAN_CHANCE_STEALTECH'),
    ('ABILITY_NW_BEAN', 'MODIFIER_NW_BEAN_CHANCE_SIPHON'),
    ('ABILITY_NW_BEAN', 'MODIFIER_NW_BEAN_CHANCE_SABOTAGE'),
    ('ABILITY_NW_BEAN', 'MODIFIER_NW_BEAN_CHANCE_HEIST'),
    ('ABILITY_NW_BEAN', 'MODIFIER_NW_BEAN_CHANCE_PARTISANS'),
    ('ABILITY_NW_BEAN', 'MODIFIER_NW_BEAN_CHANCE_ROCKETRY'),
    ('ABILITY_NW_BEAN', 'MODIFIER_NW_BEAN_CHANCE_UNREST'),
    ('ABILITY_NW_BEAN', 'MODIFIER_NW_BEAN_CHANCE_SCANDAL'),
    ('ABILITY_NW_BEAN', 'MODIFIER_NW_BEAN_CHANCE_GOVERNOR'),
    ('ABILITY_NW_BEAN', 'MODIFIER_NW_BEAN_CHANCE_BREACH_DAM'),
    ('ABILITY_NW_BEAN', 'MODIFIER_NW_BEAN_AMENITY');

-- 憨豆本人在己方领土、且最近己方城市有反间谍时 +3 宜居
-- （宜居挂在 ABILITY_NW_BEAN 上，仅 UNIT_NW_BEAN 有此 Ability；普通间谍不触发）
INSERT OR IGNORE INTO Requirements (RequirementId, RequirementType) VALUES
    ('NW_REQUIRES_BEAN_IN_OWNER_TERRITORY', 'REQUIREMENT_UNIT_IN_OWNER_TERRITORY'),
    ('NW_REQUIRES_CITY_HAS_COUNTERSPY',     'REQUIREMENT_CITY_HAS_COUNTERSPY');
INSERT OR IGNORE INTO RequirementSets (RequirementSetId, RequirementSetType) VALUES
    ('NW_BEAN_IN_OWNER_TERRITORY', 'REQUIREMENTSET_TEST_ALL'),
    ('NW_CITY_HAS_COUNTERSPY',     'REQUIREMENTSET_TEST_ALL');
INSERT OR IGNORE INTO RequirementSetRequirements (RequirementSetId, RequirementId) VALUES
    ('NW_BEAN_IN_OWNER_TERRITORY', 'NW_REQUIRES_BEAN_IN_OWNER_TERRITORY'),
    ('NW_CITY_HAS_COUNTERSPY',     'NW_REQUIRES_CITY_HAS_COUNTERSPY');

DELETE FROM ModifierArguments WHERE ModifierId = 'MODIFIER_NW_BEAN_AMENITY';
DELETE FROM Modifiers WHERE ModifierId = 'MODIFIER_NW_BEAN_AMENITY';
INSERT INTO Modifiers (ModifierId, ModifierType, OwnerRequirementSetId, SubjectRequirementSetId)
    VALUES ('MODIFIER_NW_BEAN_AMENITY',
            'MODIFIER_NW_UNIT_NEAREST_CITY_TRAIT_AMENITY',
            'NW_BEAN_IN_OWNER_TERRITORY',
            'NW_CITY_HAS_COUNTERSPY');
INSERT INTO ModifierArguments (ModifierId, Name, Value)
    VALUES ('MODIFIER_NW_BEAN_AMENITY', 'Amount', '3');

-- 首都赠送 1 名憨豆
INSERT OR IGNORE INTO Modifiers
    (ModifierId, ModifierType, RunOnce, Permanent, NewOnly, SubjectStackLimit) VALUES
    ('MODIFIER_NW_BEAN_GRANT_EFFECT',
     'MODIFIER_SINGLE_CITY_GRANT_UNIT_IN_CITY', 1, 1, 0, 1);
INSERT OR IGNORE INTO ModifierArguments (ModifierId, Name, Value) VALUES
    ('MODIFIER_NW_BEAN_GRANT_EFFECT', 'UnitType',            'UNIT_NW_BEAN'),
    ('MODIFIER_NW_BEAN_GRANT_EFFECT', 'Amount',              '1'),
    ('MODIFIER_NW_BEAN_GRANT_EFFECT', 'AllowUniqueOverride', 'false');

INSERT OR IGNORE INTO Modifiers
    (ModifierId, ModifierType, SubjectRequirementSetId, SubjectStackLimit) VALUES
    ('MODIFIER_NW_BEAN_GRANT',
     'MODIFIER_PLAYER_CITIES_ATTACH_MODIFIER', 'NW_CITY_HAS_BUILDING_PALACE', 1);
INSERT OR IGNORE INTO ModifierArguments (ModifierId, Name, Value) VALUES
    ('MODIFIER_NW_BEAN_GRANT', 'ModifierId', 'MODIFIER_NW_BEAN_GRANT_EFFECT');

-- 宜居随单位 Ability 生效，不挂玩家级 Relic Modifier（避免任意反间谍都触发）
INSERT INTO Haikesi_Relic_Modifiers (RelicType, ModifierId) VALUES
    ('BEANAGENTRUNE', 'MODIFIER_NW_BEAN_GRANT');
